tweet_id,author_id,created_at,text,lang,source,topic_raw,retweet_count,reply_count,like_count,quote_count
1700000000000000000,900000000000000000,2024-08-13 00:39:00,Local government just announced new funding for renewable energy adoption. cc @windywatch5139_23,en,Twitter Web App,Carbon Emissions,3,4,15,1
1700000000000000091,900000000000001096,2024-09-06 21:58:00,"RT @solarhub3140_19: @sunnytalks3920_48 My research this year has focused on renewable energy adoption, happy to share findings. #COP",de,Twitter for iPhone,Extreme Weather,4,4,8,2
1700000000000000182,900000000000004384,2024-08-03 11:34:00,"Skeptical of the latest claims about flood defenses, needs more data.",en,Twitter for iPhone,Climate Denial Debate,4,3,11,3
1700000000000000273,900000000000002329,2024-09-11 08:39:00,Op-ed: what we're getting wrong about wildlife conservation.,fr,TweetDeck,Corporate Sustainability,,,,
1700000000000000364,900000000000002329,2024-08-16 14:36:00,@oceanaction9933_38 Honestly tired of hearing about climate activism without any real action.,es,Twitter Web App,Wildlife & Conservation,,,,
1700000000000000455,900000000000000137,2024-08-01 16:12:00,Local government just announced new funding for climate activism. cc @sunnypost10_12 cc @urbanaction2089_32,en,TweetDeck,Climate Denial Debate,7,3,26,2
1700000000000000546,900000000000005206,2024-08-31 17:33:00,Local government just announced new funding for corporate sustainability pledges.,en,Twitter Web App,Carbon Emissions,239,3,11,1
1700000000000000637,900000000000001370,2024-08-18 23:37:00,@leaftalks7887_21 Why isn't the youth climate movement getting more attention from policymakers?,de,Twitter Web App,Extreme Weather,5,2,8,1
1700000000000000728,900000000000001096,2024-08-09 20:55:00,Can we talk about how climate policy affects everyday people? #ClimateChange,fr,Twitter for Android,Green Technology,3,2,10,1
1700000000000000819,900000000000006439,2024-09-13 01:09:00,RT @carbondaily5068_40: Small businesses are adapting fast when it comes to wildlife conservation. #ClimateAction,en,Twitter for Android,Wildlife & Conservation,5,2,561,1
1700000000000000910,900000000000005069,2024-09-09 01:39:00,Op-ed: what we're getting wrong about wildlife conservation. #ClimateJustice,de,Twitter for Android,Renewable Energy,3,5,18,1
1700000000000001001,900000000000001370,2024-08-19 22:55:00,@solardesk4890_11 New report shows corporate sustainability pledges is accelerating faster than expected. #ClimateJustice,en,TweetDeck,Extreme Weather,7,12,29,1
1700000000000001092,900000000000000959,2024-09-08 23:52:00,"Just read a great thread on green technology, worth your time. #Sustainability",en,TweetDeck,Carbon Emissions,3,2,21,2
1700000000000001183,900000000000002329,2024-09-06 18:01:00,"My research this year has focused on climate activism, happy to share findings. #RenewableEnergy cc @planetzone8667_28",de,Twitter for iPhone,Carbon Emissions,,,,
1700000000000001274,900000000000004932,2024-09-22 15:05:00,Can we talk about how wildlife conservation affects everyday people? #ClimateJustice,en,TweetDeck,Wildlife & Conservation,4,2,8,1
1700000000000001365,900000000000001644,2024-08-01 21:55:00,@futurewatch3165_36 New report shows wildlife conservation is accelerating faster than expected. #COP cc @urbannow3789_49,en,Twitter for iPhone,Climate Denial Debate,4,2,11,2
1700000000000001456,900000000000001233,2024-08-01 17:26:00,"This graph on wildlife conservation is wild, take a look. #ClimateJustice cc @solarhub3140_19",en,TweetDeck,Climate Activism,126,11,13,1
1700000000000001547,900000000000006302,2024-08-10 12:12:00,"RT @stormdesk635_35: My research this year has focused on green technology, happy to share findings. #ClimateCrisis",de,Twitter for Android,Corporate Sustainability,,,,
1700000000000001638,900000000000005891,2024-08-20 18:37:00,"Another heatwave, another reminder about corporate sustainability pledges. #Environment #ClimateChange",de,TweetDeck,Corporate Sustainability,5,2,15,1
1700000000000001729,900000000000002329,2024-08-21 23:30:00,Local government just announced new funding for extreme weather. #RenewableEnergy,es,TweetDeck,Wildlife & Conservation,,,,
1700000000000001820,900000000000006576,2024-08-07 16:58:00,"RT @planetzone8667_28: @wildreport9325_41 Just read a great thread on wildlife conservation, worth your time. #ClimateJustice",en,Twitter Web App,Climate Denial Debate,8,2,19,1
1700000000000001911,900000000000002055,2024-09-15 15:55:00,@oceantalks7239_42 Why isn't climate activism getting more attention from policymakers?,en,Twitter for iPhone,Extreme Weather,6,2,20,1
1700000000000002002,900000000000002329,2024-08-19 11:23:00,"RT @solarpost6202_3: Skeptical of the latest claims about renewable energy adoption, needs more data. #COP",en,TweetDeck,Extreme Weather,,,,
1700000000000002093,900000000000003151,2024-09-07 04:14:00,"Just read a great thread on renewable energy adoption, worth your time. cc @earthzone5574_10",en,Twitter for Android,Carbon Emissions,3,2,8,2
1700000000000002184,900000000000000548,2024-08-07 07:24:00,"@oceanaction9933_38 Skeptical of the latest claims about corporate sustainability pledges, needs more data. cc @polarzone9017_20",es,Twitter Web App,Youth Climate Movement,,,,
1700000000000002275,900000000000006713,2024-08-04 19:47:00,Small businesses are adapting fast when it comes to corporate sustainability pledges. #ClimateJustice,en,Twitter for Android,Green Technology,18,2,30,1
1700000000000002366,900000000000003836,2024-08-29 01:37:00,"Another heatwave, another reminder about climate policy. cc @climatetalks6791_44",en,Twitter for Android,Extreme Weather,3,11,11,1
1700000000000002457,900000000000005069,2024-09-21 03:29:00,@gridzone9174_33 Can we talk about how green technology affects everyday people? #ClimateCrisis cc @windywatch5139_23,de,Twitter Web App,Wildlife & Conservation,3,22,41,2
1700000000000002548,900000000000000685,2024-09-07 12:52:00,Honestly tired of hearing about the youth climate movement without any real action. #GreenTech,es,Twitter for iPhone,Green Technology,,,,
1700000000000002639,900000000000004110,2024-08-30 22:19:00,Proud to see my city investing in the youth climate movement. #ClimateJustice #ClimateAction,es,Twitter for Android,Renewable Energy,,,,
1700000000000002730,900000000000000274,2024-09-17 22:34:00,"This graph on renewable energy adoption is wild, take a look. #Environment #ClimateCrisis",en,TweetDeck,Climate Denial Debate,8,2,12,1
1700000000000002821,900000000000006302,2024-08-07 21:23:00,"My research this year has focused on climate activism, happy to share findings. #ClimateCrisis",en,Twitter for iPhone,Green Technology,,,,
1700000000000002912,900000000000002329,2024-08-02 01:50:00,Why isn't wildlife conservation getting more attention from policymakers? #RenewableEnergy,en,Twitter for Android,Climate Activism,,,,
1700000000000003003,900000000000000411,2024-08-18 04:08:00,Proud to see my city investing in extreme weather. #Sustainability cc @earthdaily9939_14,en,Twitter for Android,Green Technology,10,2,42,1
1700000000000003094,900000000000003425,2024-08-31 14:49:00,Honestly tired of hearing about carbon emissions without any real action. #NetZero,en,Twitter Web App,Corporate Sustainability,5,3,9,1
1700000000000003185,900000000000002329,2024-08-10 02:08:00,RT @oceanaction9933_38: @windycollective7008_31 Small businesses are adapting fast when it comes to corporate sustainability pledges. #ClimateAction cc @solarpost6202_3,en,Twitter Web App,Youth Climate Movement,,,,
1700000000000003276,900000000000002192,2024-09-19 17:46:00,"This graph on the youth climate movement is wild, take a look. #ClimateAction cc @solarhub3140_19",de,TweetDeck,Wildlife & Conservation,,,,
1700000000000003367,900000000000006028,2024-08-17 11:09:00,Small businesses are adapting fast when it comes to wildlife conservation. #ClimateAction,es,Twitter for Android,Green Technology,4,2,8,1
1700000000000003458,900000000000003014,2024-08-28 23:03:00,Can we talk about how climate activism affects everyday people? cc @futurewatch3165_36,de,Twitter Web App,Youth Climate Movement,,,,
1700000000000003549,900000000000002192,2024-09-06 07:51:00,"RT @bluedaily2168_17: Just read a great thread on wildlife conservation, worth your time. #ClimateAction cc @climatevoice7963_13",en,Twitter for iPhone,Corporate Sustainability,,,,
1700000000000003640,900000000000003562,2024-09-06 21:25:00,RT @stormreport7669_9: @greenpost1747_45 Honestly tired of hearing about carbon emissions without any real action. #COP,en,TweetDeck,Wildlife & Conservation,8,25,8,1
1700000000000003731,900000000000002329,2024-08-10 05:48:00,RT @solarpost6202_3: Honestly tired of hearing about climate activism without any real action.,es,Twitter Web App,Renewable Energy,,,,
1700000000000003822,900000000000002329,2024-08-08 09:43:00,RT @urbanpost5719_27: Proud to see my city investing in wildlife conservation. #RenewableEnergy,es,Twitter Web App,Climate Denial Debate,,,,
1700000000000003913,900000000000000274,2024-09-18 08:18:00,Proud to see my city investing in carbon emissions. #COP,en,Twitter Web App,Extreme Weather,3,5,9,1
1700000000000004004,900000000000000548,2024-08-27 09:07:00,New report shows wildlife conservation is accelerating faster than expected. cc @bluezone5515_2 cc @planetzone8667_28,en,Twitter for Android,Green Technology,,,,
1700000000000004095,900000000000005343,2024-09-17 10:14:00,RT @solarhub3140_19: @greenpost1747_45 Op-ed: what we're getting wrong about climate activism. #ClimateAction #ClimateJustice,en,Twitter Web App,Green Technology,3,3,8,1
1700000000000004186,900000000000004658,2024-08-12 20:31:00,Local government just announced new funding for renewable energy adoption. #RenewableEnergy #Sustainability cc @stormreport7669_9,en,Twitter Web App,Youth Climate Movement,5,3,20,3
1700000000000004277,900000000000005891,2024-08-05 09:29:00,"This graph on renewable energy adoption is wild, take a look. #COP cc @stormreport7669_9",en,TweetDeck,Renewable Energy,3,7,8,3
1700000000000004368,900000000000002329,2024-08-10 01:28:00,@sunnytalks3920_48 Op-ed: what we're getting wrong about carbon emissions. #ClimateJustice,en,Twitter for iPhone,Green Technology,,,,
1700000000000004459,900000000000002603,2024-08-24 11:58:00,Local government just announced new funding for wildlife conservation.,en,Twitter for iPhone,Green Technology,4,2,17,2
1700000000000004550,900000000000002055,2024-08-22 02:37:00,Honestly tired of hearing about green technology without any real action. cc @climateaction9563_25,es,Twitter for iPhone,Climate Activism,20,2,19,1
1700000000000004641,900000000000001918,2024-09-17 21:58:00,"Another heatwave, another reminder about climate activism.",en,Twitter for Android,Climate Activism,6,2,11,1
1700000000000004732,900000000000002055,2024-09-23 23:56:00,@sunnypost10_12 Local government just announced new funding for climate policy. #COP,en,Twitter for Android,Climate Activism,6,8,17,1
1700000000000004823,900000000000001096,2024-09-09 09:48:00,"RT @planetzone8667_28: Another heatwave, another reminder about climate policy. #GreenTech cc @carbondaily5068_40",fr,Twitter for Android,Climate Denial Debate,4,3,10,2
1700000000000004914,900000000000002192,2024-08-09 08:03:00,"RT @oceanaction9933_38: @ecovoice6940_30 @windynow4463_29 Another heatwave, another reminder about green technology.",es,Twitter for iPhone,Green Technology,,,,
1700000000000005005,900000000000004384,2024-09-28 07:52:00,@polarnow4340_7 Honestly tired of hearing about renewable energy adoption without any real action. #Environment,en,TweetDeck,Extreme Weather,4,2,8,1
1700000000000005096,900000000000006713,2024-09-20 04:08:00,New report shows climate activism is accelerating faster than expected.,en,TweetDeck,Climate Denial Debate,20,3,35,2
1700000000000005187,900000000000003699,2024-08-04 07:26:00,@greenvoice965_16 @windyaction3612_1 Local government just announced new funding for climate policy. #ClimateJustice,es,TweetDeck,Youth Climate Movement,,,,
1700000000000005278,900000000000000411,2024-08-01 19:22:00,Proud to see my city investing in the youth climate movement. #Environment cc @urbanaction2089_32,en,Twitter for iPhone,Renewable Energy,4,4,8,9
1700000000000005369,900000000000002329,2024-08-05 11:15:00,"Skeptical of the latest claims about corporate sustainability pledges, needs more data. #ClimateChange",fr,Twitter Web App,Renewable Energy,,,,
1700000000000005460,900000000000000959,2024-08-31 20:11:00,Great panel discussion today on climate policy at the summit.,fr,Twitter for Android,Climate Policy,3,5,13,1
1700000000000005551,900000000000006028,2024-08-13 09:22:00,RT @wildreport9325_41: Honestly tired of hearing about the youth climate movement without any real action. #Environment,de,TweetDeck,Wildlife & Conservation,3,4,10,2
1700000000000005642,900000000000004795,2024-08-06 13:38:00,"RT @urbanpost5719_27: @leaftalks7887_21 Just read a great thread on wildlife conservation, worth your time. cc @wildvoice9750_24",de,Twitter Web App,Carbon Emissions,3,2,8,1
1700000000000005733,900000000000002329,2024-08-28 08:40:00,"My research this year has focused on wildlife conservation, happy to share findings. #ClimateChange cc @earthzone5574_10",de,Twitter for iPhone,Climate Policy,,,,
1700000000000005824,900000000000004110,2024-08-29 01:08:00,Can we talk about how climate policy affects everyday people? #ClimateJustice,en,Twitter Web App,Green Technology,,,,
1700000000000005915,900000000000002329,2024-09-03 11:25:00,"Just read a great thread on wildlife conservation, worth your time. cc @windycircle3229_39",en,Twitter for Android,Carbon Emissions,,,,
1700000000000006006,900000000000006439,2024-08-14 19:18:00,"Just read a great thread on wildlife conservation, worth your time. #Environment #COP",es,TweetDeck,Climate Activism,477,2,9,1
1700000000000006097,900000000000006713,2024-08-11 22:45:00,"@polarzone9017_20 Skeptical of the latest claims about climate activism, needs more data.",de,Twitter for Android,Extreme Weather,6,6,14,1
1700000000000006188,900000000000001370,2024-09-09 02:04:00,Great panel discussion today on the youth climate movement at the summit. #ClimateCrisis,en,Twitter for iPhone,Youth Climate Movement,1221,4,14,2
1700000000000006279,900000000000000959,2024-09-19 17:40:00,Why isn't wildlife conservation getting more attention from policymakers? #Environment,es,Twitter for Android,Renewable Energy,9,2,14,3
1700000000000006370,900000000000001918,2024-08-17 06:40:00,Op-ed: what we're getting wrong about extreme weather. #Environment,de,Twitter for Android,Climate Activism,3,4,17,1
1700000000000006461,900000000000001096,2024-08-27 19:40:00,RT @futurewatch3165_36: @windycircle3229_39 Great panel discussion today on flood defenses at the summit. #ClimateChange #ClimateJustice,en,TweetDeck,Extreme Weather,16,3,18,1
1700000000000006552,900000000000001781,2024-08-10 10:55:00,New report shows climate policy is accelerating faster than expected. #ClimateCrisis,fr,TweetDeck,Green Technology,,,,
1700000000000006643,900000000000000959,2024-08-04 09:24:00,RT @ecohub526_6: Can we talk about how renewable energy adoption affects everyday people? #ClimateCrisis #ClimateCrisis,de,Twitter Web App,Youth Climate Movement,4,20,55,2
1700000000000006734,900000000000001233,2024-09-02 14:15:00,RT @climateaction9563_25: Can we talk about how wildlife conservation affects everyday people? #COP,en,Twitter Web App,Climate Denial Debate,4,2,14,3
1700000000000006825,900000000000002877,2024-09-06 17:12:00,"@planetzone8667_28 Just read a great thread on green technology, worth your time.",en,Twitter for iPhone,Youth Climate Movement,3,2,13,1
1700000000000006916,900000000000000959,2024-08-26 16:02:00,RT @urbanaction2089_32: Great panel discussion today on climate activism at the summit. #GreenTech,en,Twitter for Android,Youth Climate Movement,3,2,13,1
1700000000000007007,900000000000002055,2024-09-01 22:36:00,Kids today deserve better answers on flood defenses. #GreenTech cc @earthzone5574_10,en,Twitter Web App,Youth Climate Movement,11,2,20,11
1700000000000007098,900000000000005206,2024-09-06 07:46:00,"Skeptical of the latest claims about carbon emissions, needs more data. #COP cc @greenpost1747_45",en,Twitter for Android,Wildlife & Conservation,4,3,23,2
1700000000000007189,900000000000005480,2024-08-14 13:32:00,RT @climatetalks6791_44: Proud to see my city investing in renewable energy adoption. #ClimateCrisis,fr,Twitter for Android,Climate Activism,21,8,24,1
1700000000000007280,900000000000003151,2024-09-25 23:43:00,Kids today deserve better answers on climate activism. cc @windycollective7008_31 cc @wildpost6756_34,es,Twitter Web App,Corporate Sustainability,7,3,9,1
1700000000000007371,900000000000001370,2024-09-16 08:18:00,"@polarzone9017_20 My research this year has focused on extreme weather, happy to share findings. cc @solarhub3140_19",en,Twitter Web App,Climate Activism,7,2,209,2
1700000000000007462,900000000000000274,2024-09-05 22:17:00,@ecohub526_6 Op-ed: what we're getting wrong about wildlife conservation. cc @windywatch5139_23,en,Twitter for Android,Corporate Sustainability,6,3,10,1
1700000000000007553,900000000000003836,2024-09-29 05:26:00,RT @stormdesk635_35: Kids today deserve better answers on climate activism. #Sustainability,es,Twitter Web App,Carbon Emissions,15,3,19,2
1700000000000007644,900000000000001644,2024-08-12 13:56:00,"Another heatwave, another reminder about renewable energy adoption. #ClimateChange",fr,Twitter Web App,Climate Activism,24,2,36,2
1700000000000007735,900000000000006028,2024-09-26 04:54:00,Proud to see my city investing in flood defenses. #GreenTech #Environment,en,Twitter for Android,Carbon Emissions,3,6,11,2
1700000000000007826,900000000000000000,2024-09-27 12:52:00,Honestly tired of hearing about flood defenses without any real action. #ClimateJustice,en,Twitter Web App,Climate Denial Debate,4,2,8,12
1700000000000007917,900000000000006302,2024-09-16 18:00:00,Kids today deserve better answers on extreme weather. #COP,en,Twitter for Android,Green Technology,,,,
1700000000000008008,900000000000000411,2024-09-19 09:44:00,Honestly tired of hearing about climate policy without any real action. #Environment,en,TweetDeck,Climate Activism,20,2,17,1
1700000000000008099,900000000000000959,2024-09-22 06:48:00,Great panel discussion today on corporate sustainability pledges at the summit. cc @windycircle3229_39,en,Twitter for iPhone,Green Technology,8,8,8,1
1700000000000008190,900000000000006302,2024-09-24 16:28:00,RT @polarzone9017_20: Small businesses are adapting fast when it comes to the youth climate movement. #Environment,en,TweetDeck,Extreme Weather,,,,
1700000000000008281,900000000000000685,2024-08-20 23:01:00,"This graph on climate policy is wild, take a look. #ClimateCrisis cc @solarpost6202_3",en,Twitter for Android,Climate Policy,,,,
1700000000000008372,900000000000003288,2024-08-03 09:26:00,RT @ecovoice6940_30: Great panel discussion today on renewable energy adoption at the summit. #ClimateChange,en,TweetDeck,Green Technology,3,4,23,7
1700000000000008463,900000000000002329,2024-09-23 00:48:00,"@climatereport2804_5 @climateaction9563_25 Skeptical of the latest claims about the youth climate movement, needs more data. #GreenTech #Environment",en,TweetDeck,Carbon Emissions,,,,
1700000000000008554,900000000000004110,2024-08-08 01:51:00,Kids today deserve better answers on extreme weather. #GreenTech #RenewableEnergy cc @stormdesk635_35,es,Twitter for iPhone,Youth Climate Movement,,,,
1700000000000008645,900000000000001370,2024-08-15 17:13:00,Proud to see my city investing in carbon emissions. #ClimateChange #ClimateChange,fr,Twitter Web App,Youth Climate Movement,9,2,530,1
1700000000000008736,900000000000003288,2024-08-18 01:35:00,Local government just announced new funding for green technology. cc @polarzone9017_20,de,Twitter for iPhone,Climate Denial Debate,15,11,18,1
1700000000000008827,900000000000006439,2024-08-16 07:19:00,"@wildvoice9750_24 @oceantalks7239_42 Another heatwave, another reminder about the youth climate movement. #NetZero",de,Twitter for Android,Wildlife & Conservation,3,3,8,1
1700000000000008918,900000000000002329,2024-09-23 06:03:00,RT @solartalks2185_46: Great panel discussion today on renewable energy adoption at the summit.,en,Twitter for iPhone,Youth Climate Movement,,,,
1700000000000009009,900000000000006028,2024-09-25 10:19:00,"Another heatwave, another reminder about flood defenses.",de,Twitter for Android,Climate Denial Debate,3,14,122,1
1700000000000009100,900000000000004384,2024-08-17 11:32:00,Op-ed: what we're getting wrong about extreme weather. #COP cc @climateaction9563_25,de,Twitter for Android,Green Technology,4,6,23,2
1700000000000009191,900000000000002192,2024-09-07 23:26:00,Proud to see my city investing in extreme weather. #Environment,en,Twitter Web App,Extreme Weather,,,,
1700000000000009282,900000000000001370,2024-09-16 20:47:00,"@greenvoice965_16 This graph on the youth climate movement is wild, take a look.",en,Twitter for Android,Climate Denial Debate,3,6,9,2
1700000000000009373,900000000000006302,2024-08-27 04:53:00,New report shows the youth climate movement is accelerating faster than expected. #ClimateAction cc @wildreport9325_41,es,Twitter for Android,Renewable Energy,,,,
1700000000000009464,900000000000000000,2024-08-02 00:34:00,New report shows flood defenses is accelerating faster than expected. cc @wildvoice9750_24,en,TweetDeck,Climate Policy,3,3,10,10
1700000000000009555,900000000000005343,2024-08-26 14:36:00,"@gridzone9174_33 @ecohub526_6 Just read a great thread on extreme weather, worth your time. #Environment #GreenTech",en,Twitter for iPhone,Climate Policy,7,2,34,1
1700000000000009646,900000000000002329,2024-09-11 10:36:00,"RT @urbanpost5719_27: This graph on carbon emissions is wild, take a look.",de,Twitter for iPhone,Renewable Energy,,,,
1700000000000009737,900000000000001370,2024-08-12 10:01:00,"@greenpost1747_45 This graph on green technology is wild, take a look. #ClimateAction cc @windylab453_37",de,Twitter Web App,Renewable Energy,5,5,22,1
1700000000000009828,900000000000000959,2024-09-17 04:50:00,Small businesses are adapting fast when it comes to corporate sustainability pledges.,de,Twitter for Android,Wildlife & Conservation,8,3,169,1
1700000000000009919,900000000000005617,2024-08-02 20:17:00,"Another heatwave, another reminder about flood defenses.",fr,TweetDeck,Climate Activism,4,2,15,1
1700000000000010010,900000000000000685,2024-08-21 11:06:00,"RT @wildvoice9750_24: My research this year has focused on renewable energy adoption, happy to share findings. #Sustainability cc @greenvoice965_16",en,TweetDeck,Carbon Emissions,,,,
1700000000000010101,900000000000002192,2024-08-07 00:05:00,"Just read a great thread on renewable energy adoption, worth your time. #ClimateCrisis",en,Twitter Web App,Renewable Energy,,,,
1700000000000010192,900000000000005891,2024-08-16 18:33:00,Kids today deserve better answers on corporate sustainability pledges.,en,Twitter for Android,Renewable Energy,4,2,10,1
1700000000000010283,900000000000002329,2024-09-09 06:29:00,"This graph on renewable energy adoption is wild, take a look. #RenewableEnergy",en,Twitter for iPhone,Carbon Emissions,,,,
1700000000000010374,900000000000006439,2024-09-22 20:38:00,Proud to see my city investing in corporate sustainability pledges.,en,Twitter Web App,Wildlife & Conservation,4,16,9,1
1700000000000010465,900000000000001781,2024-08-13 18:34:00,RT @futurewatch3165_36: @urbanaction2089_32 Proud to see my city investing in extreme weather. #COP,en,Twitter for iPhone,Corporate Sustainability,,,,
1700000000000010556,900000000000006439,2024-09-13 15:08:00,"RT @carbontalks5181_26: My research this year has focused on extreme weather, happy to share findings. #COP",es,TweetDeck,Renewable Energy,3,4,22,2
1700000000000010647,900000000000006713,2024-08-24 22:57:00,Kids today deserve better answers on the youth climate movement. #NetZero,fr,Twitter for Android,Green Technology,5,11,8,1
1700000000000010738,900000000000003836,2024-08-07 00:06:00,"Skeptical of the latest claims about corporate sustainability pledges, needs more data.",en,Twitter Web App,Climate Denial Debate,5,3,16,1
1700000000000010829,900000000000002329,2024-08-06 03:53:00,"@oceanaction9933_38 My research this year has focused on the youth climate movement, happy to share findings. #ClimateChange",de,Twitter Web App,Climate Activism,,,,
1700000000000010920,900000000000001918,2024-08-20 01:51:00,Local government just announced new funding for the youth climate movement. #ClimateCrisis #ClimateCrisis,es,Twitter for Android,Extreme Weather,3,2,8,2
1700000000000011011,900000000000003014,2024-08-28 12:01:00,RT @oceantalks7239_42: Kids today deserve better answers on wildlife conservation. #NetZero,fr,TweetDeck,Extreme Weather,,,,
1700000000000011102,900000000000003425,2024-09-04 05:23:00,"My research this year has focused on extreme weather, happy to share findings. #ClimateAction",en,TweetDeck,Green Technology,4,2,41,1
1700000000000011193,900000000000003562,2024-09-09 18:05:00,Great panel discussion today on wildlife conservation at the summit. cc @polarnews6931_22,es,TweetDeck,Climate Activism,4,2,8,1
1700000000000011284,900000000000002329,2024-08-12 17:10:00,Kids today deserve better answers on corporate sustainability pledges. #Environment,en,Twitter for Android,Climate Activism,,,,
1700000000000011375,900000000000001918,2024-09-05 16:41:00,RT @wildvoice9750_24: New report shows climate activism is accelerating faster than expected.,en,Twitter for iPhone,Renewable Energy,7,2,36,1
1700000000000011466,900000000000005206,2024-09-19 15:35:00,New report shows green technology is accelerating faster than expected. #COP #ClimateCrisis,en,Twitter for iPhone,Corporate Sustainability,5,2,15,18
1700000000000011557,900000000000004932,2024-08-23 02:28:00,Local government just announced new funding for corporate sustainability pledges. #RenewableEnergy #ClimateChange,de,TweetDeck,Green Technology,3,6,9,2
1700000000000011648,900000000000001096,2024-09-08 17:10:00,Local government just announced new funding for extreme weather.,en,Twitter for Android,Renewable Energy,7,2,10,3
1700000000000011739,900000000000006439,2024-09-18 21:25:00,Honestly tired of hearing about climate policy without any real action. #Sustainability cc @solarpost6202_3,en,TweetDeck,Renewable Energy,5,2,12,1
1700000000000011830,900000000000002740,2024-09-24 23:05:00,RT @urbannow3789_49: Op-ed: what we're getting wrong about climate activism. #ClimateCrisis,fr,TweetDeck,Corporate Sustainability,4,4,11,1
1700000000000011921,900000000000001370,2024-09-06 15:50:00,Local government just announced new funding for wildlife conservation. #COP,en,Twitter for iPhone,Climate Denial Debate,7,2,8,2
1700000000000012012,900000000000000959,2024-08-06 20:23:00,@windynow4463_29 New report shows corporate sustainability pledges is accelerating faster than expected. #Sustainability cc @ecovoice6940_30,en,Twitter for Android,Carbon Emissions,4,10,9,1
1700000000000012103,900000000000002329,2024-08-29 00:00:00,Why isn't carbon emissions getting more attention from policymakers? #ClimateAction #RenewableEnergy,es,TweetDeck,Renewable Energy,,,,
1700000000000012194,900000000000004384,2024-08-09 12:49:00,Local government just announced new funding for corporate sustainability pledges. #ClimateAction #GreenTech,fr,Twitter for iPhone,Youth Climate Movement,14,4,20,1
1700000000000012285,900000000000003562,2024-08-29 06:05:00,Great panel discussion today on extreme weather at the summit. #NetZero,de,Twitter Web App,Wildlife & Conservation,3,2,23,1
1700000000000012376,900000000000005206,2024-09-19 22:01:00,"Skeptical of the latest claims about renewable energy adoption, needs more data. #ClimateJustice",fr,Twitter Web App,Wildlife & Conservation,6,2,14,1
1700000000000012467,900000000000003836,2024-08-01 11:59:00,"@gridtalks8480_15 This graph on corporate sustainability pledges is wild, take a look. #ClimateCrisis",en,TweetDeck,Climate Activism,4,7,12,1
1700000000000012558,900000000000006439,2024-08-19 20:45:00,Proud to see my city investing in renewable energy adoption. #RenewableEnergy #ClimateChange cc @windyaction3612_1,en,Twitter for Android,Youth Climate Movement,4,4,8,1
1700000000000012649,900000000000001644,2024-09-10 20:43:00,Can we talk about how extreme weather affects everyday people? #GreenTech,es,Twitter for iPhone,Extreme Weather,3,3,103,1
1700000000000012740,900000000000006302,2024-08-11 15:22:00,Proud to see my city investing in flood defenses. #Sustainability #Sustainability,en,Twitter for Android,Carbon Emissions,,,,
1700000000000012831,900000000000002192,2024-09-06 20:04:00,"RT @greenpost1747_45: @gridaction6736_18 My research this year has focused on renewable energy adoption, happy to share findings. #NetZero",en,Twitter Web App,Corporate Sustainability,,,,
1700000000000012922,900000000000000411,2024-08-01 01:54:00,"@wildvoice9750_24 Just read a great thread on green technology, worth your time. cc @solardesk4890_11",de,TweetDeck,Climate Policy,3,3,11,1
1700000000000013013,900000000000001370,2024-09-27 01:11:00,RT @oceanvoice3849_43: Op-ed: what we're getting wrong about climate activism. #ClimateAction,en,Twitter Web App,Carbon Emissions,5,2,12,3
1700000000000013104,900000000000002055,2024-09-01 06:46:00,@windyvoice9675_0 Great panel discussion today on extreme weather at the summit. #COP,de,Twitter Web App,Extreme Weather,9,2,8,1
1700000000000013195,900000000000003836,2024-08-14 16:15:00,Great panel discussion today on carbon emissions at the summit. cc @windyvoice9675_0,en,Twitter for Android,Climate Policy,36,26,9,1
1700000000000013286,900000000000006028,2024-08-26 02:37:00,Op-ed: what we're getting wrong about climate activism. #ClimateAction cc @greenpost1747_45,en,TweetDeck,Green Technology,4,21,10,1
1700000000000013377,900000000000004384,2024-08-30 10:26:00,"RT @planetzone8667_28: @polarzone9017_20 This graph on green technology is wild, take a look. #RenewableEnergy #ClimateJustice",en,Twitter for iPhone,Renewable Energy,4,5,13,1
1700000000000013468,900000000000000959,2024-08-04 21:19:00,"My research this year has focused on flood defenses, happy to share findings. #GreenTech #RenewableEnergy cc @solartalks2185_46",en,Twitter for Android,Corporate Sustainability,109,2,12,1
1700000000000013559,900000000000000685,2024-08-09 06:52:00,"Another heatwave, another reminder about climate policy. #ClimateChange",en,Twitter Web App,Renewable Energy,,,,
1700000000000013650,900000000000006302,2024-08-08 01:29:00,RT @leaftalks7887_21: Why isn't extreme weather getting more attention from policymakers?,en,TweetDeck,Youth Climate Movement,,,,
1700000000000013741,900000000000005480,2024-08-18 08:28:00,New report shows corporate sustainability pledges is accelerating faster than expected. #RenewableEnergy,de,TweetDeck,Wildlife & Conservation,3,3,10,1
1700000000000013832,900000000000000411,2024-08-25 22:22:00,"Just read a great thread on corporate sustainability pledges, worth your time. #Environment #Environment",en,Twitter for Android,Carbon Emissions,9,2,16,1
1700000000000013923,900000000000000137,2024-08-11 03:15:00,Op-ed: what we're getting wrong about green technology. #ClimateCrisis cc @bluezone5515_2,es,TweetDeck,Extreme Weather,3,6,63,1
1700000000000014014,900000000000002192,2024-09-06 18:09:00,"@solardesk4890_11 Just read a great thread on extreme weather, worth your time. #GreenTech",en,TweetDeck,Extreme Weather,,,,
1700000000000014105,900000000000002877,2024-08-22 19:12:00,New report shows renewable energy adoption is accelerating faster than expected. #ClimateJustice #Environment,fr,Twitter for iPhone,Climate Policy,4,2,30,3
1700000000000014196,900000000000000959,2024-09-12 12:37:00,"Another heatwave, another reminder about renewable energy adoption. cc @earthzone5574_10",en,Twitter Web App,Climate Denial Debate,3,2,9,6
1700000000000014287,900000000000001096,2024-08-12 23:00:00,"@greenpost1747_45 Another heatwave, another reminder about climate activism. #ClimateJustice cc @carbondaily5068_40",de,Twitter for Android,Climate Policy,29,2,591,8
1700000000000014378,900000000000003562,2024-09-22 22:42:00,"RT @climatereport2804_5: @carbondaily5068_40 Skeptical of the latest claims about flood defenses, needs more data. #ClimateCrisis #ClimateAction cc @earthdaily9939_14",es,Twitter Web App,Renewable Energy,16,3,10,1
1700000000000014469,900000000000001507,2024-09-01 12:22:00,New report shows carbon emissions is accelerating faster than expected. #NetZero,en,Twitter for Android,Extreme Weather,3,3,42,1
1700000000000014560,900000000000002329,2024-09-05 02:21:00,RT @carbonvoice3815_4: Honestly tired of hearing about carbon emissions without any real action. #ClimateAction #Sustainability cc @bluezone5515_2,es,TweetDeck,Youth Climate Movement,,,,
1700000000000014651,900000000000004384,2024-08-14 06:26:00,"RT @leaftalks7887_21: Skeptical of the latest claims about climate policy, needs more data.",es,Twitter for iPhone,Extreme Weather,8,5,10,1
1700000000000014742,900000000000000274,2024-08-11 20:18:00,"RT @climatevoice7963_13: @urbanaction2089_32 Just read a great thread on carbon emissions, worth your time. #NetZero #ClimateJustice",de,Twitter for iPhone,Carbon Emissions,4,2,28,1
1700000000000014833,900000000000003836,2024-08-15 08:36:00,Great panel discussion today on corporate sustainability pledges at the summit. #ClimateCrisis #ClimateCrisis,en,TweetDeck,Corporate Sustainability,8,4,8,1
1700000000000014924,900000000000006439,2024-08-31 18:56:00,New report shows corporate sustainability pledges is accelerating faster than expected. cc @stormdesk635_35,en,Twitter for Android,Youth Climate Movement,3,2,39,1
1700000000000015015,900000000000000959,2024-08-13 20:09:00,"@sunnypost10_12 Just read a great thread on extreme weather, worth your time. #NetZero",fr,TweetDeck,Wildlife & Conservation,3,11,61,1
1700000000000015106,900000000000003014,2024-08-10 18:37:00,@ecovoice6940_30 Op-ed: what we're getting wrong about carbon emissions. cc @wildpost6756_34,es,Twitter for iPhone,Renewable Energy,,,,
1700000000000015197,900000000000003151,2024-09-11 15:36:00,Honestly tired of hearing about the youth climate movement without any real action.,es,Twitter for iPhone,Wildlife & Conservation,3,2,9,1
1700000000000015288,900000000000002329,2024-08-18 15:54:00,@greenpost1747_45 New report shows wildlife conservation is accelerating faster than expected. cc @gridtalks8480_15,es,Twitter for Android,Renewable Energy,,,,
1700000000000015379,900000000000000959,2024-09-18 16:55:00,@windynow4463_29 Honestly tired of hearing about corporate sustainability pledges without any real action. #ClimateCrisis cc @leaftalks7887_21,en,Twitter for Android,Wildlife & Conservation,3,6,8,2
1700000000000015470,900000000000005069,2024-09-28 11:45:00,@futurewatch3165_36 New report shows climate policy is accelerating faster than expected. #RenewableEnergy,en,Twitter for Android,Climate Policy,4,3,12,4
1700000000000015561,900000000000002192,2024-09-23 22:05:00,Small businesses are adapting fast when it comes to wildlife conservation. #GreenTech cc @solardesk4890_11,en,Twitter for iPhone,Wildlife & Conservation,,,,
1700000000000015652,900000000000000959,2024-08-02 21:00:00,@earthdaily9939_14 Small businesses are adapting fast when it comes to extreme weather.,en,Twitter Web App,Youth Climate Movement,3,2,30,1
1700000000000015743,900000000000004521,2024-09-03 19:25:00,@bluedaily2168_17 Kids today deserve better answers on corporate sustainability pledges.,es,Twitter Web App,Climate Policy,,,,
1700000000000015834,900000000000003151,2024-08-17 20:45:00,Honestly tired of hearing about renewable energy adoption without any real action. #GreenTech cc @gridaction6736_18,de,TweetDeck,Climate Policy,6,2,14,1
1700000000000015925,900000000000003973,2024-09-07 22:36:00,@sunnyaction8977_47 New report shows wildlife conservation is accelerating faster than expected. #NetZero,fr,Twitter Web App,Climate Denial Debate,4,4,21,1
1700000000000016016,900000000000002603,2024-09-05 05:43:00,Op-ed: what we're getting wrong about the youth climate movement. #ClimateAction cc @oceanvoice3849_43,de,Twitter Web App,Wildlife & Conservation,6,2,9,3
1700000000000016107,900000000000002192,2024-08-13 16:07:00,Small businesses are adapting fast when it comes to renewable energy adoption. #ClimateJustice cc @ecovoice6940_30,de,Twitter Web App,Wildlife & Conservation,,,,
1700000000000016198,900000000000002329,2024-08-12 02:31:00,@urbandaily8086_8 Local government just announced new funding for climate activism. #ClimateJustice cc @stormreport7669_9,en,Twitter Web App,Climate Activism,,,,
1700000000000016289,900000000000003699,2024-09-18 02:08:00,Honestly tired of hearing about extreme weather without any real action. #Sustainability,es,TweetDeck,Wildlife & Conservation,,,,
1700000000000016380,900000000000002329,2024-09-18 16:12:00,New report shows carbon emissions is accelerating faster than expected. #GreenTech,en,Twitter for Android,Climate Policy,,,,
1700000000000016471,900000000000001370,2024-09-08 16:21:00,@urbandaily8086_8 @polarzone9017_20 Why isn't corporate sustainability pledges getting more attention from policymakers? #COP #ClimateChange,en,Twitter for Android,Extreme Weather,7,2,820,1
1700000000000016562,900000000000006439,2024-09-11 01:24:00,@windyaction3612_1 Local government just announced new funding for extreme weather. #ClimateChange cc @climateaction9563_25,de,Twitter for iPhone,Renewable Energy,3,3,8,26
1700000000000016653,900000000000000274,2024-09-13 20:00:00,"RT @climatetalks6791_44: This graph on corporate sustainability pledges is wild, take a look. #COP",en,TweetDeck,Climate Activism,6,4,10,1
1700000000000016744,900000000000005617,2024-09-08 06:49:00,"My research this year has focused on flood defenses, happy to share findings. #ClimateAction",en,TweetDeck,Climate Policy,5,2,22,1
1700000000000016835,900000000000006165,2024-08-10 02:49:00,Great panel discussion today on extreme weather at the summit. #ClimateAction cc @ecovoice6940_30,en,Twitter Web App,Renewable Energy,,,,
1700000000000016926,900000000000003836,2024-09-24 09:23:00,Honestly tired of hearing about green technology without any real action. #ClimateAction,fr,Twitter for iPhone,Climate Policy,4,5,8,2
1700000000000017017,900000000000005754,2024-08-24 10:11:00,@earthzone5574_10 Great panel discussion today on climate activism at the summit.,en,TweetDeck,Climate Denial Debate,4,3,36,2
1700000000000017108,900000000000003836,2024-08-31 18:43:00,"@polarnow4340_7 Just read a great thread on carbon emissions, worth your time.",en,TweetDeck,Climate Activism,6,5,17,3
1700000000000017199,900000000000006302,2024-09-03 23:36:00,RT @oceanvoice3849_43: Kids today deserve better answers on wildlife conservation. #COP,fr,Twitter Web App,Extreme Weather,,,,
1700000000000017290,900000000000002740,2024-08-10 17:57:00,Why isn't corporate sustainability pledges getting more attention from policymakers? #GreenTech cc @carbondaily5068_40,de,Twitter for Android,Climate Denial Debate,3,4,9,3
1700000000000017381,900000000000000548,2024-08-25 12:52:00,Local government just announced new funding for climate activism. #RenewableEnergy,en,TweetDeck,Climate Denial Debate,,,,
1700000000000017472,900000000000005343,2024-08-02 03:25:00,Small businesses are adapting fast when it comes to wildlife conservation. #ClimateAction,en,Twitter Web App,Youth Climate Movement,5,2,8,1
1700000000000017563,900000000000006028,2024-08-22 17:49:00,"RT @windynow4463_29: @wildreport9325_41 Skeptical of the latest claims about wildlife conservation, needs more data.",es,Twitter for iPhone,Extreme Weather,4,4,22,1
1700000000000017654,900000000000002055,2024-09-17 23:26:00,@solarhub3140_19 Can we talk about how the youth climate movement affects everyday people? #ClimateAction #Sustainability,en,Twitter for Android,Climate Denial Debate,6,2,73,1
1700000000000017745,900000000000004521,2024-09-19 14:29:00,Kids today deserve better answers on carbon emissions.,es,Twitter for Android,Corporate Sustainability,,,,
1700000000000017836,900000000000006439,2024-09-02 05:44:00,"My research this year has focused on carbon emissions, happy to share findings. #NetZero",es,TweetDeck,Green Technology,8,2,12,1
1700000000000017927,900000000000002329,2024-09-08 22:56:00,"RT @carbontalks5181_26: @greenpost1747_45 Another heatwave, another reminder about extreme weather. #GreenTech",fr,Twitter Web App,Carbon Emissions,,,,
1700000000000018018,900000000000004521,2024-08-12 16:34:00,@climatevoice7963_13 Local government just announced new funding for extreme weather. #GreenTech cc @wildreport9325_41,es,Twitter for iPhone,Green Technology,,,,
1700000000000018109,900000000000004932,2024-08-28 00:33:00,Proud to see my city investing in corporate sustainability pledges. cc @oceanaction9933_38,en,Twitter Web App,Climate Activism,4,2,8,1
1700000000000018200,900000000000004247,2024-09-17 17:55:00,RT @oceanvoice3849_43: New report shows green technology is accelerating faster than expected. #Environment #ClimateCrisis,en,TweetDeck,Corporate Sustainability,,,,
1700000000000018291,900000000000001370,2024-08-21 17:03:00,Honestly tired of hearing about carbon emissions without any real action. cc @greenpost1747_45,en,Twitter Web App,Extreme Weather,3,3,28,3
1700000000000018382,900000000000004795,2024-09-17 16:07:00,@windycircle3229_39 Local government just announced new funding for extreme weather. #Sustainability,en,Twitter for iPhone,Carbon Emissions,4,3,8,1
1700000000000018473,900000000000002055,2024-09-23 21:19:00,New report shows climate policy is accelerating faster than expected. cc @stormreport7669_9,en,Twitter for Android,Extreme Weather,5,2,28,1
1700000000000018564,900000000000002740,2024-08-22 11:18:00,Kids today deserve better answers on the youth climate movement. #ClimateAction cc @earthzone5574_10,en,Twitter for iPhone,Climate Policy,8,3,919,2
1700000000000018655,900000000000004110,2024-08-21 12:58:00,Op-ed: what we're getting wrong about flood defenses. #ClimateChange,fr,TweetDeck,Renewable Energy,,,,
1700000000000018746,900000000000001507,2024-08-03 09:57:00,Op-ed: what we're getting wrong about the youth climate movement. cc @windyaction3612_1,es,Twitter for iPhone,Corporate Sustainability,4,2,8,9
1700000000000018837,900000000000003699,2024-09-23 22:56:00,"RT @wildpost6756_34: Skeptical of the latest claims about extreme weather, needs more data.",de,Twitter for iPhone,Wildlife & Conservation,,,,
1700000000000018928,900000000000004795,2024-09-06 07:58:00,"This graph on climate activism is wild, take a look. #ClimateAction #COP",en,Twitter for iPhone,Renewable Energy,4,4,12,1
1700000000000019019,900000000000003836,2024-09-13 09:38:00,"My research this year has focused on flood defenses, happy to share findings. #ClimateAction cc @urbannow3789_49",en,Twitter for Android,Climate Denial Debate,9,3,12,1
1700000000000019110,900000000000002877,2024-08-01 17:55:00,Kids today deserve better answers on the youth climate movement. #Sustainability #GreenTech,en,Twitter Web App,Renewable Energy,3,2,17,1
1700000000000019201,900000000000001370,2024-08-13 03:11:00,@sunnyaction8977_47 Great panel discussion today on extreme weather at the summit. #Environment #Sustainability,es,TweetDeck,Corporate Sustainability,5,2,25,17
1700000000000019292,900000000000003836,2024-08-22 11:08:00,"Skeptical of the latest claims about renewable energy adoption, needs more data. #RenewableEnergy",es,TweetDeck,Climate Denial Debate,3,2,8,1
1700000000000019383,900000000000002055,2024-08-16 07:45:00,RT @polarzone9017_20: Proud to see my city investing in climate policy. #GreenTech cc @greenpost1747_45,fr,TweetDeck,Climate Denial Debate,4,7,9,2
1700000000000019474,900000000000002329,2024-08-13 08:46:00,RT @wildpost6756_34: Can we talk about how renewable energy adoption affects everyday people? #ClimateJustice #COP cc @urbanaction2089_32,de,Twitter for iPhone,Renewable Energy,,,,
1700000000000019565,900000000000006028,2024-09-04 15:41:00,New report shows flood defenses is accelerating faster than expected. #ClimateJustice #ClimateChange cc @carbondaily5068_40,fr,Twitter for Android,Carbon Emissions,4,2,27,2
1700000000000019656,900000000000002329,2024-08-11 16:08:00,Great panel discussion today on the youth climate movement at the summit. #RenewableEnergy cc @carbontalks5181_26,en,Twitter for Android,Climate Activism,,,,
1700000000000019747,900000000000004658,2024-08-03 21:13:00,Great panel discussion today on carbon emissions at the summit. #ClimateCrisis #COP,en,Twitter Web App,Climate Policy,10,2,64,3
1700000000000019838,900000000000000822,2024-09-03 08:24:00,@wildreport9325_41 Small businesses are adapting fast when it comes to green technology. #ClimateJustice #NetZero cc @gridaction6736_18,de,TweetDeck,Extreme Weather,,,,
1700000000000019929,900000000000002192,2024-08-10 05:10:00,@urbanaction2089_32 Op-ed: what we're getting wrong about flood defenses. #Sustainability cc @windycollective7008_31,en,Twitter for Android,Renewable Energy,,,,
1700000000000020020,900000000000002329,2024-09-11 13:01:00,Why isn't wildlife conservation getting more attention from policymakers?,en,Twitter for Android,Climate Activism,,,,
1700000000000020111,900000000000000959,2024-09-10 00:56:00,"@windylab453_37 Just read a great thread on carbon emissions, worth your time. #Sustainability",fr,TweetDeck,Climate Denial Debate,6,2,8,1
1700000000000020202,900000000000001096,2024-08-22 14:38:00,"@windycircle3229_39 Just read a great thread on flood defenses, worth your time. #Environment",es,TweetDeck,Corporate Sustainability,3,2,8,1
1700000000000020293,900000000000005480,2024-08-09 19:34:00,"@solardesk4890_11 This graph on flood defenses is wild, take a look. #Environment",fr,Twitter for iPhone,Green Technology,17,5,19,1
1700000000000020384,900000000000004384,2024-09-17 22:36:00,"Another heatwave, another reminder about wildlife conservation.",en,TweetDeck,Carbon Emissions,3,3,9,3
1700000000000020475,900000000000001507,2024-08-14 22:51:00,"My research this year has focused on carbon emissions, happy to share findings. #ClimateAction",en,TweetDeck,Corporate Sustainability,4,2,19,1
1700000000000020566,900000000000003151,2024-08-17 09:36:00,@climatetalks6791_44 Kids today deserve better answers on extreme weather. #Environment,en,TweetDeck,Extreme Weather,7,5,39,1
1700000000000020657,900000000000005069,2024-09-10 00:51:00,RT @wildvoice9750_24: Can we talk about how corporate sustainability pledges affects everyday people? cc @ecohub526_6 cc @climatevoice7963_13,en,Twitter Web App,Extreme Weather,3,12,12,1
1700000000000020748,900000000000000548,2024-09-08 01:49:00,Kids today deserve better answers on corporate sustainability pledges.,fr,TweetDeck,Climate Denial Debate,,,,
1700000000000020839,900000000000000000,2024-08-24 07:41:00,Local government just announced new funding for carbon emissions. cc @wildpost6756_34 cc @solarhub3140_19,en,TweetDeck,Wildlife & Conservation,3,121,28,1
1700000000000020930,900000000000003288,2024-09-07 11:22:00,"My research this year has focused on renewable energy adoption, happy to share findings. cc @sunnytalks3920_48",de,Twitter for iPhone,Youth Climate Movement,3,3,9,5
1700000000000021021,900000000000001507,2024-08-17 17:52:00,RT @urbanaction2089_32: Why isn't the youth climate movement getting more attention from policymakers? #COP,fr,Twitter Web App,Extreme Weather,3,3,11,1
1700000000000021112,900000000000006439,2024-08-25 20:50:00,"This graph on flood defenses is wild, take a look.",de,Twitter for iPhone,Corporate Sustainability,7,2,10,6
1700000000000021203,900000000000004384,2024-08-23 06:57:00,Honestly tired of hearing about renewable energy adoption without any real action. #GreenTech #Sustainability,es,Twitter for Android,Extreme Weather,3,5,73,1
1700000000000021294,900000000000004658,2024-09-01 19:00:00,RT @oceantalks7239_42: @earthdaily9939_14 Local government just announced new funding for extreme weather. cc @climatevoice7963_13,fr,Twitter Web App,Climate Denial Debate,5,2,13,1
1700000000000021385,900000000000002603,2024-09-02 11:25:00,@bluedaily2168_17 Kids today deserve better answers on extreme weather. #Environment cc @gridzone9174_33,de,Twitter for iPhone,Green Technology,9,3,8,1
1700000000000021476,900000000000000000,2024-08-16 08:30:00,RT @greenvoice965_16: Proud to see my city investing in renewable energy adoption. #ClimateJustice,de,Twitter Web App,Green Technology,4,2,12,1
1700000000000021567,900000000000005754,2024-09-16 08:51:00,"Just read a great thread on flood defenses, worth your time. #ClimateJustice",en,TweetDeck,Climate Activism,4,2,9,7
1700000000000021658,900000000000005343,2024-09-16 10:50:00,"This graph on climate policy is wild, take a look.",en,Twitter for iPhone,Climate Activism,3,8,8,1
1700000000000021749,900000000000001370,2024-09-29 08:22:00,Small businesses are adapting fast when it comes to renewable energy adoption. #GreenTech #GreenTech,en,Twitter for Android,Youth Climate Movement,3,8,125,1
1700000000000021840,900000000000006576,2024-08-19 14:40:00,Great panel discussion today on the youth climate movement at the summit. #ClimateCrisis,de,TweetDeck,Youth Climate Movement,14,4,72,1
1700000000000021931,900000000000005754,2024-09-08 20:25:00,"Just read a great thread on climate activism, worth your time. #GreenTech",en,TweetDeck,Climate Denial Debate,4,8,11,1
1700000000000022022,900000000000001096,2024-09-29 15:35:00,RT @carbonvoice3815_4: @sunnyaction8977_47 @stormreport7669_9 Local government just announced new funding for green technology.,en,Twitter for Android,Youth Climate Movement,9,3,799,1
1700000000000022113,900000000000000548,2024-09-12 11:55:00,RT @bluezone5515_2: @climateaction9563_25 Local government just announced new funding for extreme weather. cc @polarzone9017_20,de,TweetDeck,Climate Denial Debate,,,,
1700000000000022204,900000000000006439,2024-09-26 18:27:00,@bluedaily2168_17 Can we talk about how wildlife conservation affects everyday people? #Environment #ClimateJustice,en,TweetDeck,Renewable Energy,6,2,11,1
1700000000000022295,900000000000001918,2024-08-23 09:30:00,"Just read a great thread on green technology, worth your time. #Environment",en,Twitter Web App,Wildlife & Conservation,7,3,25,1
1700000000000022386,900000000000003425,2024-09-11 12:53:00,@futurewatch3165_36 Great panel discussion today on extreme weather at the summit. #Environment,en,Twitter Web App,Youth Climate Movement,3,2,10,2
1700000000000022477,900000000000001644,2024-08-29 08:44:00,@gridaction6736_18 Kids today deserve better answers on extreme weather. #COP,es,Twitter for iPhone,Climate Activism,3,2,8,1
1700000000000022568,900000000000001644,2024-08-20 15:23:00,"This graph on carbon emissions is wild, take a look. #Sustainability #RenewableEnergy",en,Twitter Web App,Climate Policy,10,2,37,6
1700000000000022659,900000000000005069,2024-08-08 22:15:00,"This graph on climate policy is wild, take a look. #COP",en,Twitter for Android,Renewable Energy,51,2,614,1
1700000000000022750,900000000000002466,2024-09-10 09:12:00,RT @ecovoice6940_30: Op-ed: what we're getting wrong about climate activism. #ClimateChange cc @polarzone9017_20,en,Twitter for Android,Climate Policy,,,,
1700000000000022841,900000000000006439,2024-08-16 00:02:00,Kids today deserve better answers on climate activism. #COP,es,Twitter for Android,Extreme Weather,7,4,9,2
1700000000000022932,900000000000002603,2024-08-21 17:50:00,RT @earthdaily9939_14: Op-ed: what we're getting wrong about carbon emissions. #Sustainability cc @polarnews6931_22,es,Twitter Web App,Wildlife & Conservation,4,9,24,1
1700000000000023023,900000000000004658,2024-09-01 06:36:00,New report shows wildlife conservation is accelerating faster than expected.,en,Twitter for Android,Corporate Sustainability,4,5,10,3
1700000000000023114,900000000000000411,2024-08-12 00:39:00,Honestly tired of hearing about green technology without any real action. #ClimateCrisis #Environment,fr,TweetDeck,Corporate Sustainability,9,2,23,1
1700000000000023205,900000000000001233,2024-08-05 01:53:00,"@futurewatch3165_36 Just read a great thread on flood defenses, worth your time. #NetZero",de,TweetDeck,Climate Policy,3,2,8,1
1700000000000023296,900000000000003973,2024-08-14 20:31:00,@greenpost1747_45 Proud to see my city investing in green technology. #RenewableEnergy,de,Twitter Web App,Wildlife & Conservation,11,3,18,1
1700000000000023387,900000000000005206,2024-09-03 03:06:00,RT @climatevoice7963_13: Proud to see my city investing in green technology. #ClimateAction,fr,TweetDeck,Climate Activism,5,2,14,1
1700000000000023478,900000000000004795,2024-09-05 12:32:00,@windylab453_37 Great panel discussion today on wildlife conservation at the summit.,en,Twitter Web App,Green Technology,3,201,13,1
1700000000000023569,900000000000005754,2024-08-14 12:49:00,"RT @wildpost6756_34: Skeptical of the latest claims about corporate sustainability pledges, needs more data.",en,Twitter for iPhone,Climate Policy,8,2,13,7
1700000000000023660,900000000000006576,2024-09-14 08:58:00,"@gridzone9174_33 Just read a great thread on green technology, worth your time. #RenewableEnergy #GreenTech",en,Twitter for Android,Green Technology,5,12,9,1
1700000000000023751,900000000000000959,2024-08-14 23:04:00,Proud to see my city investing in extreme weather. #COP #NetZero,fr,Twitter for iPhone,Youth Climate Movement,10,2,34,2
1700000000000023842,900000000000003425,2024-09-26 13:26:00,"My research this year has focused on flood defenses, happy to share findings. #ClimateChange",de,TweetDeck,Climate Policy,3,5,25,3
1700000000000023933,900000000000000411,2024-08-26 14:48:00,@leaftalks7887_21 Can we talk about how flood defenses affects everyday people? #Environment,es,Twitter Web App,Climate Activism,5,2,10,1
1700000000000024024,900000000000000548,2024-08-31 17:12:00,RT @urbandaily8086_8: Can we talk about how corporate sustainability pledges affects everyday people? #NetZero cc @solarpost6202_3,en,Twitter for Android,Youth Climate Movement,,,,
1700000000000024115,900000000000003151,2024-08-28 11:22:00,@gridtalks8480_15 Local government just announced new funding for renewable energy adoption. #NetZero cc @wildpost6756_34,en,TweetDeck,Green Technology,4,4,27,1
1700000000000024206,900000000000003699,2024-08-16 19:59:00,RT @solarpost6202_3: Op-ed: what we're getting wrong about extreme weather. #GreenTech #ClimateAction,en,Twitter for iPhone,Carbon Emissions,,,,
1700000000000024297,900000000000002192,2024-09-18 08:35:00,"@polarzone9017_20 This graph on wildlife conservation is wild, take a look. #RenewableEnergy",en,Twitter for iPhone,Climate Activism,,,,
1700000000000024388,900000000000002192,2024-08-01 02:24:00,@bluezone5515_2 Honestly tired of hearing about climate policy without any real action. #RenewableEnergy cc @wildpost6756_34,es,Twitter for iPhone,Green Technology,,,,
1700000000000024479,900000000000000000,2024-09-02 14:35:00,RT @sunnypost10_12: @oceantalks7239_42 Local government just announced new funding for corporate sustainability pledges. #ClimateAction cc @climateaction9563_25,de,Twitter for Android,Wildlife & Conservation,3,2,14,1
1700000000000024570,900000000000000000,2024-09-26 00:35:00,"Skeptical of the latest claims about green technology, needs more data. #Environment #ClimateChange cc @windywatch5139_23",de,Twitter for Android,Wildlife & Conservation,3,2,12,1
1700000000000024661,900000000000002329,2024-08-13 04:19:00,Honestly tired of hearing about flood defenses without any real action. #Environment #Sustainability cc @planetzone8667_28,es,Twitter for Android,Corporate Sustainability,,,,
1700000000000024752,900000000000002329,2024-09-23 04:46:00,RT @polarzone9017_20: Op-ed: what we're getting wrong about flood defenses. cc @stormreport7669_9 cc @oceantalks7239_42,en,TweetDeck,Green Technology,,,,
1700000000000024843,900000000000006439,2024-09-09 08:38:00,"RT @windycircle3229_39: My research this year has focused on green technology, happy to share findings. #RenewableEnergy #Sustainability",en,Twitter for Android,Climate Denial Debate,3,2,21,1
1700000000000024934,900000000000002603,2024-08-27 00:59:00,"RT @bluezone5515_2: @solartalks2185_46 Skeptical of the latest claims about climate activism, needs more data. #NetZero",en,Twitter for Android,Renewable Energy,4,5,324,2
1700000000000025025,900000000000006302,2024-09-22 12:46:00,"@windycircle3229_39 My research this year has focused on climate activism, happy to share findings. cc @windycollective7008_31",en,Twitter for iPhone,Youth Climate Movement,,,,
1700000000000025116,900000000000002740,2024-09-17 01:35:00,Small businesses are adapting fast when it comes to carbon emissions. #Environment,en,Twitter Web App,Carbon Emissions,9,20,9,1
1700000000000025207,900000000000002329,2024-09-11 14:05:00,Proud to see my city investing in carbon emissions.,fr,Twitter for Android,Renewable Energy,,,,
1700000000000025298,900000000000005069,2024-08-06 08:20:00,"RT @windynow4463_29: Just read a great thread on corporate sustainability pledges, worth your time. #ClimateCrisis #ClimateCrisis cc @greenpost1747_45 cc @wildpost6756_34",es,TweetDeck,Renewable Energy,18,6,22,1
1700000000000025389,900000000000003699,2024-08-11 12:35:00,"My research this year has focused on corporate sustainability pledges, happy to share findings.",en,Twitter Web App,Climate Activism,,,,
1700000000000025480,900000000000003151,2024-08-29 09:40:00,"@stormreport7669_9 Just read a great thread on climate policy, worth your time. #ClimateChange",en,TweetDeck,Climate Policy,17,20,8,2
1700000000000025571,900000000000002603,2024-08-31 14:26:00,"RT @oceantalks7239_42: Another heatwave, another reminder about carbon emissions.",en,Twitter for Android,Corporate Sustainability,6,2,47,1
1700000000000025662,900000000000000274,2024-08-20 10:58:00,"Skeptical of the latest claims about climate activism, needs more data. #ClimateChange",en,Twitter for Android,Youth Climate Movement,3,74,9,1
1700000000000025753,900000000000006439,2024-09-18 13:53:00,Op-ed: what we're getting wrong about carbon emissions. #COP cc @windywatch5139_23,en,TweetDeck,Corporate Sustainability,3,2,21,1
1700000000000025844,900000000000002740,2024-09-29 22:18:00,@carbondaily5068_40 New report shows renewable energy adoption is accelerating faster than expected. #Environment,en,TweetDeck,Climate Activism,12,2,16,1
1700000000000025935,900000000000002740,2024-08-30 20:50:00,"RT @windyaction3612_1: Another heatwave, another reminder about climate policy. #COP cc @urbanaction2089_32",en,Twitter Web App,Green Technology,12,6,2502,1
1700000000000026026,900000000000003151,2024-08-21 00:07:00,"@windyvoice9675_0 Skeptical of the latest claims about extreme weather, needs more data. #ClimateAction",es,Twitter for Android,Climate Activism,4,5,17,1
1700000000000026117,900000000000002055,2024-08-31 04:40:00,"Skeptical of the latest claims about wildlife conservation, needs more data.",en,Twitter Web App,Climate Policy,14,10,13,2
1700000000000026208,900000000000003151,2024-08-10 08:53:00,Can we talk about how carbon emissions affects everyday people? #GreenTech cc @futurewatch3165_36,en,Twitter for Android,Wildlife & Conservation,70,4,37,1
1700000000000026299,900000000000003425,2024-08-20 06:33:00,"@solarhub3140_19 @urbannow3789_49 My research this year has focused on climate activism, happy to share findings. #ClimateAction",en,Twitter for iPhone,Climate Denial Debate,3,5,28,4
1700000000000026390,900000000000005206,2024-09-22 16:43:00,@sunnypost10_12 Great panel discussion today on wildlife conservation at the summit. cc @stormreport7669_9,de,Twitter for iPhone,Renewable Energy,3,2,12,3
1700000000000026481,900000000000001918,2024-08-07 16:49:00,Small businesses are adapting fast when it comes to flood defenses.,es,Twitter for Android,Green Technology,4,3,10,4
1700000000000026572,900000000000001233,2024-08-01 19:35:00,Great panel discussion today on wildlife conservation at the summit. #Sustainability,en,Twitter for Android,Carbon Emissions,3,2,11,1
1700000000000026663,900000000000001096,2024-08-04 03:24:00,Op-ed: what we're getting wrong about climate activism. #ClimateChange #ClimateCrisis,en,Twitter Web App,Climate Denial Debate,4,2,17,1
1700000000000026754,900000000000001918,2024-09-14 14:06:00,"@solartalks2185_46 Another heatwave, another reminder about the youth climate movement. #ClimateCrisis",en,Twitter for Android,Extreme Weather,7,4,13,1
1700000000000026845,900000000000005891,2024-08-30 15:01:00,Kids today deserve better answers on climate policy. cc @windywatch5139_23,en,Twitter for Android,Green Technology,3,3,37,1
1700000000000026936,900000000000002740,2024-08-26 18:26:00,"My research this year has focused on renewable energy adoption, happy to share findings. #ClimateAction",en,TweetDeck,Extreme Weather,3,2,13,1
1700000000000027027,900000000000005069,2024-09-15 18:53:00,"Another heatwave, another reminder about climate activism. #RenewableEnergy #ClimateAction",en,Twitter Web App,Climate Activism,5,3,15,2
1700000000000027118,900000000000006439,2024-09-12 01:05:00,Why isn't flood defenses getting more attention from policymakers?,en,Twitter for Android,Climate Activism,3,3,25,2
1700000000000027209,900000000000002329,2024-09-06 21:19:00,Proud to see my city investing in flood defenses. #RenewableEnergy,de,Twitter Web App,Wildlife & Conservation,,,,
1700000000000027300,900000000000006713,2024-08-04 00:45:00,@windycircle3229_39 Can we talk about how corporate sustainability pledges affects everyday people?,en,TweetDeck,Wildlife & Conservation,57,2,10,1
1700000000000027391,900000000000003699,2024-09-29 11:53:00,@climateaction9563_25 Kids today deserve better answers on corporate sustainability pledges. #Sustainability,en,Twitter for Android,Carbon Emissions,,,,
1700000000000027482,900000000000000959,2024-08-09 02:08:00,New report shows climate policy is accelerating faster than expected.,es,Twitter for Android,Wildlife & Conservation,4,3,29,1
1700000000000027573,900000000000002329,2024-09-24 23:15:00,RT @windycollective7008_31: Small businesses are adapting fast when it comes to wildlife conservation. #RenewableEnergy #ClimateJustice,es,TweetDeck,Carbon Emissions,,,,
1700000000000027664,900000000000006302,2024-09-16 16:54:00,RT @solartalks2185_46: New report shows flood defenses is accelerating faster than expected. #GreenTech #ClimateCrisis cc @bluezone5515_2,de,TweetDeck,Carbon Emissions,,,,
1700000000000027755,900000000000002740,2024-09-09 01:57:00,Why isn't extreme weather getting more attention from policymakers? #ClimateAction cc @carbondaily5068_40,en,TweetDeck,Green Technology,9,3,14,1
1700000000000027846,900000000000002192,2024-08-11 18:03:00,@earthzone5574_10 New report shows flood defenses is accelerating faster than expected. cc @solarhub3140_19,es,Twitter for iPhone,Carbon Emissions,,,,
1700000000000027937,900000000000001644,2024-08-18 08:00:00,Can we talk about how renewable energy adoption affects everyday people? #Sustainability,fr,Twitter for Android,Green Technology,6,11,24,1
1700000000000028028,900000000000001507,2024-09-23 15:48:00,"RT @stormreport7669_9: @urbanaction2089_32 Just read a great thread on the youth climate movement, worth your time.",de,Twitter Web App,Extreme Weather,9,2,12,1
1700000000000028119,900000000000000411,2024-09-17 17:14:00,Small businesses are adapting fast when it comes to renewable energy adoption. #ClimateCrisis,en,Twitter Web App,Climate Policy,7,3,9,3
1700000000000028210,900000000000006302,2024-09-10 11:54:00,"RT @wildpost6756_34: Skeptical of the latest claims about climate activism, needs more data.",en,Twitter Web App,Carbon Emissions,,,,
1700000000000028301,900000000000001507,2024-09-13 22:11:00,"RT @leaftalks7887_21: Skeptical of the latest claims about flood defenses, needs more data. #RenewableEnergy cc @bluedaily2168_17",en,Twitter for iPhone,Corporate Sustainability,3,2,8,1
1700000000000028392,900000000000004247,2024-09-12 06:38:00,"RT @oceanaction9933_38: My research this year has focused on green technology, happy to share findings. #ClimateChange #ClimateAction",es,Twitter for iPhone,Renewable Energy,,,,
1700000000000028483,900000000000005891,2024-08-17 09:29:00,"Skeptical of the latest claims about flood defenses, needs more data. #ClimateAction",es,Twitter Web App,Green Technology,3,3,690,2
1700000000000028574,900000000000000959,2024-09-22 08:11:00,"Another heatwave, another reminder about carbon emissions. #GreenTech",en,Twitter for iPhone,Climate Denial Debate,5,13,17,1
1700000000000028665,900000000000000959,2024-09-16 08:49:00,RT @futurewatch3165_36: @earthdaily9939_14 Proud to see my city investing in renewable energy adoption.,en,Twitter Web App,Wildlife & Conservation,17,2,18,5
1700000000000028756,900000000000000959,2024-09-16 02:34:00,Kids today deserve better answers on flood defenses. #ClimateCrisis,en,Twitter Web App,Corporate Sustainability,4,4,28,1
1700000000000028847,900000000000002055,2024-08-19 20:12:00,New report shows renewable energy adoption is accelerating faster than expected. #GreenTech #ClimateCrisis,en,Twitter Web App,Renewable Energy,3,2,9,2
1700000000000028938,900000000000002603,2024-09-11 09:31:00,RT @wildpost6756_34: @sunnytalks3920_48 Local government just announced new funding for climate policy. #ClimateChange cc @windynow4463_29,en,Twitter Web App,Climate Policy,11,3,770,1
1700000000000029029,900000000000005069,2024-09-13 17:09:00,Why isn't extreme weather getting more attention from policymakers?,fr,TweetDeck,Climate Policy,3,2,24,1
1700000000000029120,900000000000006165,2024-08-11 18:04:00,"RT @windycircle3229_39: My research this year has focused on climate policy, happy to share findings. #ClimateChange cc @gridtalks8480_15",fr,Twitter for iPhone,Renewable Energy,,,,
1700000000000029211,900000000000002603,2024-08-09 10:53:00,Why isn't extreme weather getting more attention from policymakers? #NetZero cc @earthdaily9939_14,de,Twitter for Android,Carbon Emissions,3,2,9,1
1700000000000029302,900000000000004932,2024-09-20 20:39:00,RT @ecohub526_6: Great panel discussion today on the youth climate movement at the summit. #RenewableEnergy,en,Twitter Web App,Renewable Energy,3,9,8,1
1700000000000029393,900000000000002329,2024-09-09 22:02:00,"@windycollective7008_31 My research this year has focused on climate policy, happy to share findings. #COP",es,Twitter for iPhone,Climate Denial Debate,,,,
1700000000000029484,900000000000003699,2024-09-25 17:32:00,Kids today deserve better answers on carbon emissions. #RenewableEnergy #Environment cc @polarnews6931_22,en,Twitter Web App,Extreme Weather,,,,
1700000000000029575,900000000000000411,2024-08-24 09:13:00,"RT @wildreport9325_41: Just read a great thread on wildlife conservation, worth your time. #Sustainability",en,Twitter for Android,Climate Policy,4,6,26,1
1700000000000029666,900000000000000959,2024-08-21 13:12:00,Can we talk about how renewable energy adoption affects everyday people? #RenewableEnergy,fr,TweetDeck,Extreme Weather,17,2,8,1
1700000000000029757,900000000000006028,2024-08-30 05:24:00,RT @windycircle3229_39: Local government just announced new funding for renewable energy adoption. #ClimateCrisis #NetZero,en,Twitter for Android,Green Technology,4,2,11,1
1700000000000029848,900000000000000137,2024-09-26 09:38:00,"@gridaction6736_18 Just read a great thread on renewable energy adoption, worth your time.",en,Twitter for Android,Corporate Sustainability,10,17,57,1
1700000000000029939,900000000000000685,2024-09-07 07:57:00,@earthdaily9939_14 Proud to see my city investing in wildlife conservation. #NetZero cc @urbanaction2089_32,de,Twitter for iPhone,Climate Activism,,,,
1700000000000030030,900000000000002329,2024-09-14 03:28:00,"This graph on the youth climate movement is wild, take a look. #Environment",en,Twitter for iPhone,Renewable Energy,,,,
1700000000000030121,900000000000004384,2024-09-12 09:10:00,RT @ecovoice6940_30: Local government just announced new funding for climate policy. #RenewableEnergy,es,TweetDeck,Climate Activism,13,5,8,1
1700000000000030212,900000000000001233,2024-09-14 19:34:00,"@ecovoice6940_30 My research this year has focused on carbon emissions, happy to share findings. #GreenTech cc @wildreport9325_41",es,Twitter Web App,Climate Policy,3,4,17,1
1700000000000030303,900000000000006028,2024-09-15 02:35:00,RT @stormdesk635_35: Great panel discussion today on wildlife conservation at the summit.,es,Twitter for Android,Climate Denial Debate,3,34,10,1
1700000000000030394,900000000000004795,2024-09-02 16:53:00,@polarzone9017_20 Great panel discussion today on green technology at the summit. #NetZero #ClimateAction,en,Twitter Web App,Youth Climate Movement,7,4,15,1
1700000000000030485,900000000000005206,2024-08-08 22:09:00,RT @bluedaily2168_17: @carbonvoice3815_4 Op-ed: what we're getting wrong about wildlife conservation. #NetZero cc @sunnypost10_12,en,Twitter for Android,Corporate Sustainability,14,3,18,1
1700000000000030576,900000000000002466,2024-09-03 20:21:00,"My research this year has focused on carbon emissions, happy to share findings. #ClimateAction #RenewableEnergy",en,Twitter Web App,Green Technology,,,,
1700000000000030667,900000000000002603,2024-09-20 08:14:00,Small businesses are adapting fast when it comes to the youth climate movement. #COP cc @wildpost6756_34,en,Twitter for Android,Climate Denial Debate,45,5,8,1
1700000000000030758,900000000000003699,2024-09-12 04:10:00,Can we talk about how green technology affects everyday people? #Sustainability,en,Twitter Web App,Climate Policy,,,,
1700000000000030849,900000000000003288,2024-08-10 11:28:00,Great panel discussion today on climate policy at the summit. #ClimateChange,en,Twitter for Android,Climate Denial Debate,3,2,65,1
1700000000000030940,900000000000006439,2024-09-18 18:42:00,"@windyvoice9675_0 My research this year has focused on the youth climate movement, happy to share findings. cc @stormreport7669_9",en,Twitter for iPhone,Climate Denial Debate,5,10,13,2
1700000000000031031,900000000000000959,2024-08-13 18:33:00,RT @wildreport9325_41: @polarzone9017_20 New report shows corporate sustainability pledges is accelerating faster than expected. #GreenTech,en,Twitter for iPhone,Climate Denial Debate,24,2,8,1
1700000000000031122,900000000000006576,2024-08-24 12:09:00,"RT @oceantalks7239_42: This graph on climate activism is wild, take a look.",fr,TweetDeck,Carbon Emissions,4,2,8,1
1700000000000031213,900000000000006028,2024-08-11 23:57:00,"My research this year has focused on wildlife conservation, happy to share findings.",en,Twitter Web App,Extreme Weather,17,2,16,1
1700000000000031304,900000000000002466,2024-09-15 18:48:00,RT @windynow4463_29: @carbonvoice3815_4 Op-ed: what we're getting wrong about flood defenses. #NetZero cc @polarnews6931_22,de,Twitter for Android,Extreme Weather,,,,
1700000000000031395,900000000000005617,2024-09-01 17:47:00,"This graph on carbon emissions is wild, take a look.",en,Twitter for iPhone,Climate Denial Debate,3,2,10,7
1700000000000031486,900000000000003973,2024-08-31 18:27:00,"This graph on extreme weather is wild, take a look. #COP cc @carbontalks5181_26 cc @solardesk4890_11",de,Twitter for iPhone,Corporate Sustainability,6,3,21,1
1700000000000031577,900000000000005754,2024-08-27 20:58:00,RT @windywatch5139_23: New report shows climate policy is accelerating faster than expected. #Sustainability,de,Twitter for Android,Extreme Weather,3,2,18,1
1700000000000031668,900000000000004932,2024-09-13 22:44:00,Can we talk about how climate activism affects everyday people? cc @earthzone5574_10,en,Twitter Web App,Carbon Emissions,5,2,9,1
1700000000000031759,900000000000005069,2024-09-20 17:39:00,Op-ed: what we're getting wrong about climate policy. #Sustainability,es,TweetDeck,Renewable Energy,31,7,22,2
1700000000000031850,900000000000002329,2024-08-24 04:52:00,Small businesses are adapting fast when it comes to climate policy.,en,Twitter Web App,Youth Climate Movement,,,,
1700000000000031941,900000000000001096,2024-08-14 04:05:00,"My research this year has focused on renewable energy adoption, happy to share findings. #Sustainability",en,Twitter for iPhone,Wildlife & Conservation,9,2,8,1
1700000000000032032,900000000000001233,2024-09-12 00:48:00,"RT @solarhub3140_19: Skeptical of the latest claims about the youth climate movement, needs more data. #ClimateCrisis #COP",en,Twitter for iPhone,Green Technology,3,3,16,1
1700000000000032123,900000000000000685,2024-08-05 03:52:00,Proud to see my city investing in climate activism. #Environment cc @gridaction6736_18,es,Twitter for Android,Climate Policy,,,,
1700000000000032214,900000000000004521,2024-09-14 18:11:00,Can we talk about how carbon emissions affects everyday people? #RenewableEnergy cc @earthzone5574_10 cc @urbannow3789_49,en,Twitter for Android,Renewable Energy,,,,
1700000000000032305,900000000000005617,2024-08-19 17:46:00,@climatevoice7963_13 Can we talk about how extreme weather affects everyday people? #GreenTech #ClimateAction cc @urbanpost5719_27,en,TweetDeck,Carbon Emissions,4,2,10,1
1700000000000032396,900000000000001370,2024-09-13 11:11:00,Small businesses are adapting fast when it comes to corporate sustainability pledges. #ClimateAction,en,Twitter for iPhone,Renewable Energy,7,4,12,1
1700000000000032487,900000000000000959,2024-08-13 10:12:00,RT @windywatch5139_23: Proud to see my city investing in renewable energy adoption.,es,Twitter Web App,Carbon Emissions,109,2,36,2
1700000000000032578,900000000000004795,2024-08-10 14:06:00,Great panel discussion today on wildlife conservation at the summit. cc @climateaction9563_25,en,Twitter for iPhone,Climate Policy,5,2,86,1
1700000000000032669,900000000000002603,2024-09-09 03:48:00,"Just read a great thread on corporate sustainability pledges, worth your time.",en,TweetDeck,Climate Denial Debate,8,5,29,1
1700000000000032760,900000000000002603,2024-08-21 12:28:00,RT @planetzone8667_28: Can we talk about how carbon emissions affects everyday people? #NetZero cc @stormdesk635_35,en,TweetDeck,Climate Activism,3,3,41,1
1700000000000032851,900000000000002329,2024-09-05 21:34:00,Kids today deserve better answers on wildlife conservation.,es,Twitter for Android,Climate Denial Debate,,,,
1700000000000032942,900000000000002603,2024-08-19 10:03:00,"This graph on flood defenses is wild, take a look.",en,Twitter Web App,Climate Policy,3,7,11,2
1700000000000033033,900000000000002192,2024-09-28 22:04:00,Great panel discussion today on corporate sustainability pledges at the summit. #RenewableEnergy #COP,de,Twitter Web App,Renewable Energy,,,,
1700000000000033124,900000000000001096,2024-08-25 18:24:00,"This graph on corporate sustainability pledges is wild, take a look. #NetZero #ClimateCrisis cc @bluezone5515_2",en,Twitter Web App,Climate Denial Debate,3,3,21,1
1700000000000033215,900000000000001096,2024-08-19 08:03:00,Kids today deserve better answers on extreme weather. #ClimateAction,en,Twitter for iPhone,Youth Climate Movement,5,6,18,7
1700000000000033306,900000000000003425,2024-09-02 09:27:00,RT @solarhub3140_19: Proud to see my city investing in the youth climate movement. #RenewableEnergy,es,Twitter for Android,Corporate Sustainability,4,2,10,1
1700000000000033397,900000000000006028,2024-08-18 20:34:00,Small businesses are adapting fast when it comes to climate policy. #RenewableEnergy cc @gridzone9174_33,fr,Twitter for Android,Climate Policy,13,10,77,2
1700000000000033488,900000000000002192,2024-09-28 02:40:00,"Just read a great thread on green technology, worth your time.",en,Twitter Web App,Wildlife & Conservation,,,,
1700000000000033579,900000000000005480,2024-08-20 14:31:00,"@greenvoice965_16 Skeptical of the latest claims about flood defenses, needs more data. #RenewableEnergy #RenewableEnergy",en,Twitter for iPhone,Climate Activism,4,4,8,1
1700000000000033670,900000000000001507,2024-08-21 19:19:00,RT @climatereport2804_5: Can we talk about how climate policy affects everyday people? #ClimateCrisis cc @oceanvoice3849_43,de,TweetDeck,Renewable Energy,17,2,11,1
1700000000000033761,900000000000006439,2024-09-19 16:16:00,Local government just announced new funding for renewable energy adoption. #Environment cc @urbandaily8086_8,en,TweetDeck,Youth Climate Movement,3,3,27,1
1700000000000033852,900000000000005343,2024-09-07 01:31:00,@urbanpost5719_27 Local government just announced new funding for climate policy. #RenewableEnergy,en,Twitter Web App,Extreme Weather,7,2,15,1
1700000000000033943,900000000000006028,2024-08-04 22:58:00,"@windywatch5139_23 My research this year has focused on climate activism, happy to share findings. #ClimateJustice cc @ecovoice6940_30",fr,Twitter for iPhone,Green Technology,3,3,10,7
1700000000000034034,900000000000002877,2024-08-20 02:59:00,"This graph on corporate sustainability pledges is wild, take a look. #NetZero",fr,TweetDeck,Green Technology,3,2,50,4
1700000000000034125,900000000000005206,2024-08-28 03:52:00,Why isn't wildlife conservation getting more attention from policymakers? #NetZero,en,Twitter Web App,Corporate Sustainability,3,2,12,2
1700000000000034216,900000000000002329,2024-08-13 20:19:00,RT @climateaction9563_25: New report shows climate policy is accelerating faster than expected.,en,Twitter for iPhone,Renewable Energy,,,,
1700000000000034307,900000000000000959,2024-08-31 23:08:00,"Another heatwave, another reminder about climate policy. cc @oceantalks7239_42",en,Twitter Web App,Wildlife & Conservation,7,6,30,1
1700000000000034398,900000000000001096,2024-08-13 08:44:00,New report shows carbon emissions is accelerating faster than expected. cc @windylab453_37 cc @gridtalks8480_15,fr,Twitter for Android,Green Technology,3,3,17,1
1700000000000034489,900000000000006439,2024-08-15 22:13:00,"My research this year has focused on the youth climate movement, happy to share findings. #ClimateCrisis",en,TweetDeck,Climate Activism,13,5,10,1
1700000000000034580,900000000000005891,2024-08-16 19:28:00,"@gridaction6736_18 My research this year has focused on extreme weather, happy to share findings. #NetZero",de,Twitter Web App,Climate Activism,4,4,13,1
1700000000000034671,900000000000006439,2024-08-07 17:03:00,Local government just announced new funding for corporate sustainability pledges.,en,Twitter for iPhone,Youth Climate Movement,23,3,11,1
1700000000000034762,900000000000000000,2024-09-02 15:59:00,RT @earthzone5574_10: @climateaction9563_25 Honestly tired of hearing about corporate sustainability pledges without any real action. #Environment,en,Twitter for iPhone,Carbon Emissions,4,2,22,1
1700000000000034853,900000000000001918,2024-08-21 13:57:00,"My research this year has focused on climate activism, happy to share findings. #COP cc @urbanaction2089_32 cc @gridaction6736_18",en,Twitter for iPhone,Climate Denial Debate,8,3,97,1
1700000000000034944,900000000000001233,2024-09-27 15:02:00,"Just read a great thread on carbon emissions, worth your time. #Sustainability",en,Twitter for iPhone,Climate Activism,95,3,13,1
1700000000000035035,900000000000002192,2024-09-06 21:37:00,Honestly tired of hearing about climate policy without any real action.,en,Twitter for Android,Climate Policy,,,,
1700000000000035126,900000000000002329,2024-09-13 03:25:00,"RT @oceanvoice3849_43: Another heatwave, another reminder about wildlife conservation.",en,Twitter Web App,Renewable Energy,,,,
1700000000000035217,900000000000000959,2024-09-11 19:28:00,RT @bluezone5515_2: Small businesses are adapting fast when it comes to wildlife conservation. #COP,en,Twitter for iPhone,Extreme Weather,8,5,110,1
1700000000000035308,900000000000005343,2024-08-06 12:16:00,"Another heatwave, another reminder about carbon emissions.",en,TweetDeck,Climate Activism,39,8,8,3
1700000000000035399,900000000000005069,2024-09-28 09:57:00,"Another heatwave, another reminder about climate policy. #ClimateCrisis",es,TweetDeck,Climate Denial Debate,3,4,35,1
1700000000000035490,900000000000006028,2024-08-28 20:27:00,Proud to see my city investing in flood defenses. #NetZero,en,TweetDeck,Climate Activism,5,26,20,1
1700000000000035581,900000000000002877,2024-08-20 07:33:00,Honestly tired of hearing about wildlife conservation without any real action. #ClimateCrisis cc @climatereport2804_5,en,TweetDeck,Corporate Sustainability,5,3,63,1
1700000000000035672,900000000000002329,2024-09-19 16:01:00,"My research this year has focused on flood defenses, happy to share findings.",en,Twitter for Android,Climate Denial Debate,,,,
1700000000000035763,900000000000005069,2024-08-29 19:51:00,Why isn't corporate sustainability pledges getting more attention from policymakers? #ClimateJustice cc @bluezone5515_2,en,Twitter Web App,Youth Climate Movement,41,8,9,1
1700000000000035854,900000000000006028,2024-08-26 21:47:00,Can we talk about how carbon emissions affects everyday people? #ClimateAction #ClimateCrisis,es,Twitter Web App,Wildlife & Conservation,5,3,167,1
1700000000000035945,900000000000000685,2024-08-14 15:41:00,RT @windyaction3612_1: Local government just announced new funding for renewable energy adoption.,en,TweetDeck,Extreme Weather,,,,
1700000000000036036,900000000000005617,2024-08-29 15:30:00,RT @climatetalks6791_44: @sunnypost10_12 @wildpost6756_34 Why isn't green technology getting more attention from policymakers? #NetZero,en,Twitter for iPhone,Wildlife & Conservation,4,2,10,3
1700000000000036127,900000000000002055,2024-09-08 23:35:00,Small businesses are adapting fast when it comes to corporate sustainability pledges.,de,Twitter for Android,Climate Denial Debate,3,2,14,2
1700000000000036218,900000000000004521,2024-09-01 19:41:00,@urbanpost5719_27 Proud to see my city investing in climate activism. #COP,en,Twitter for iPhone,Wildlife & Conservation,,,,
1700000000000036309,900000000000000959,2024-09-24 22:42:00,Great panel discussion today on wildlife conservation at the summit. #RenewableEnergy cc @windycollective7008_31,en,TweetDeck,Green Technology,15,5,12,1
1700000000000036400,900000000000005206,2024-09-01 03:50:00,RT @oceanaction9933_38: @carbondaily5068_40 Local government just announced new funding for green technology. #ClimateCrisis,en,Twitter Web App,Climate Policy,149,2,9,1
1700000000000036491,900000000000006028,2024-08-22 13:07:00,"RT @carbonvoice3815_4: Just read a great thread on climate policy, worth your time.",es,Twitter for iPhone,Green Technology,3,2,10,1
1700000000000036582,900000000000005069,2024-08-30 03:06:00,Small businesses are adapting fast when it comes to the youth climate movement. #ClimateChange cc @stormreport7669_9,fr,Twitter for iPhone,Corporate Sustainability,6,8,8,1
1700000000000036673,900000000000001096,2024-09-01 23:55:00,Local government just announced new funding for climate activism. #COP,en,TweetDeck,Climate Denial Debate,6,2,9,3
1700000000000036764,900000000000005069,2024-09-18 13:23:00,Small businesses are adapting fast when it comes to wildlife conservation. #Environment #COP,es,TweetDeck,Climate Activism,3,5,14,2
1700000000000036855,900000000000002329,2024-09-19 00:45:00,"RT @stormreport7669_9: This graph on the youth climate movement is wild, take a look.",fr,Twitter for iPhone,Renewable Energy,,,,
1700000000000036946,900000000000002055,2024-09-11 04:57:00,"Another heatwave, another reminder about climate policy. #NetZero",es,TweetDeck,Carbon Emissions,55,32,30,3
1700000000000037037,900000000000002329,2024-09-27 16:39:00,@futurewatch3165_36 Small businesses are adapting fast when it comes to green technology.,de,TweetDeck,Wildlife & Conservation,,,,
1700000000000037128,900000000000003836,2024-08-03 17:21:00,"@oceantalks7239_42 @carbondaily5068_40 This graph on climate activism is wild, take a look.",en,Twitter for iPhone,Extreme Weather,7,9,14,1
1700000000000037219,900000000000002740,2024-08-20 23:27:00,RT @urbannow3789_49: Great panel discussion today on climate policy at the summit. #Environment,de,Twitter for iPhone,Green Technology,3,2,11,1
1700000000000037310,900000000000000274,2024-09-07 18:45:00,"This graph on green technology is wild, take a look. #ClimateChange cc @urbandaily8086_8",de,Twitter for Android,Carbon Emissions,6,3,17,1
1700000000000037401,900000000000004521,2024-08-28 13:05:00,RT @greenpost1747_45: @gridtalks8480_15 Why isn't climate activism getting more attention from policymakers? #RenewableEnergy,en,Twitter for Android,Wildlife & Conservation,,,,
1700000000000037492,900000000000002466,2024-08-17 18:31:00,Great panel discussion today on the youth climate movement at the summit. #Environment,es,TweetDeck,Climate Denial Debate,,,,
1700000000000037583,900000000000004658,2024-09-02 16:07:00,"RT @greenpost1747_45: Just read a great thread on climate policy, worth your time. #ClimateCrisis",es,TweetDeck,Renewable Energy,4,2,9,1
1700000000000037674,900000000000000822,2024-08-20 09:31:00,Honestly tired of hearing about carbon emissions without any real action. #ClimateAction,en,Twitter for Android,Climate Activism,,,,
1700000000000037765,900000000000005069,2024-08-23 02:55:00,RT @stormdesk635_35: Op-ed: what we're getting wrong about green technology. #ClimateCrisis,en,TweetDeck,Wildlife & Conservation,4,2,13,1
1700000000000037856,900000000000005617,2024-08-21 02:51:00,"RT @solartalks2185_46: Another heatwave, another reminder about climate policy. #ClimateCrisis cc @urbandaily8086_8",es,TweetDeck,Climate Policy,6,2,54,1
1700000000000037947,900000000000004658,2024-08-13 19:34:00,"@earthzone5574_10 My research this year has focused on carbon emissions, happy to share findings. #COP",es,Twitter for iPhone,Climate Policy,3,3,9,1
1700000000000038038,900000000000003973,2024-08-26 18:02:00,Honestly tired of hearing about extreme weather without any real action. #ClimateJustice cc @windyaction3612_1,en,Twitter Web App,Corporate Sustainability,24,2,9,1
1700000000000038129,900000000000002329,2024-09-13 05:03:00,RT @carbontalks5181_26: Why isn't the youth climate movement getting more attention from policymakers? #Sustainability #ClimateAction,es,Twitter for Android,Green Technology,,,,
1700000000000038220,900000000000000137,2024-09-22 03:03:00,Kids today deserve better answers on renewable energy adoption. #NetZero,en,Twitter for iPhone,Wildlife & Conservation,8,3,14,2
1700000000000038311,900000000000001507,2024-08-18 17:37:00,RT @windyaction3612_1: Can we talk about how corporate sustainability pledges affects everyday people? #ClimateChange,es,TweetDeck,Wildlife & Conservation,3,3,28,1
1700000000000038402,900000000000000548,2024-09-28 17:28:00,"Another heatwave, another reminder about climate policy. #Sustainability cc @earthdaily9939_14",en,Twitter Web App,Climate Denial Debate,,,,
1700000000000038493,900000000000003973,2024-08-23 20:13:00,New report shows wildlife conservation is accelerating faster than expected. #COP,es,Twitter for iPhone,Carbon Emissions,5,2,24,1
1700000000000038584,900000000000002329,2024-09-21 10:56:00,"RT @urbanaction2089_32: Just read a great thread on the youth climate movement, worth your time.",es,Twitter Web App,Green Technology,,,,
1700000000000038675,900000000000006576,2024-08-09 20:59:00,@bluedaily2168_17 Local government just announced new funding for climate activism. #ClimateCrisis,en,TweetDeck,Climate Denial Debate,4,10,20,1
1700000000000038766,900000000000002877,2024-09-22 19:22:00,"@oceantalks7239_42 Skeptical of the latest claims about renewable energy adoption, needs more data. #ClimateCrisis",en,Twitter for Android,Green Technology,12,6,248,1
1700000000000038857,900000000000002329,2024-09-10 09:51:00,RT @windycircle3229_39: New report shows green technology is accelerating faster than expected.,fr,TweetDeck,Extreme Weather,,,,
1700000000000038948,900000000000006439,2024-08-08 08:36:00,"This graph on flood defenses is wild, take a look. #RenewableEnergy",en,Twitter for Android,Youth Climate Movement,3,2,24,2
1700000000000039039,900000000000000411,2024-09-16 08:12:00,Why isn't climate policy getting more attention from policymakers? #ClimateJustice,fr,TweetDeck,Corporate Sustainability,3,24,20,1
1700000000000039130,900000000000000000,2024-08-27 08:07:00,"Skeptical of the latest claims about carbon emissions, needs more data.",es,Twitter for iPhone,Extreme Weather,4,2,26,3
1700000000000039221,900000000000001644,2024-09-21 00:47:00,"This graph on climate activism is wild, take a look. #RenewableEnergy",en,Twitter Web App,Green Technology,7,19,63,1
1700000000000039312,900000000000000411,2024-08-17 07:06:00,"This graph on corporate sustainability pledges is wild, take a look. cc @windyaction3612_1",en,Twitter for iPhone,Extreme Weather,34,7,33,1
1700000000000039403,900000000000005069,2024-09-26 22:04:00,Why isn't wildlife conservation getting more attention from policymakers? #ClimateAction cc @urbannow3789_49,fr,Twitter for iPhone,Wildlife & Conservation,3,6,8,1
1700000000000039494,900000000000000822,2024-08-27 07:55:00,New report shows green technology is accelerating faster than expected.,es,Twitter for iPhone,Youth Climate Movement,,,,
1700000000000039585,900000000000002329,2024-09-20 00:29:00,Kids today deserve better answers on flood defenses.,en,Twitter for Android,Youth Climate Movement,,,,
1700000000000039676,900000000000000822,2024-08-17 11:26:00,"RT @urbanaction2089_32: My research this year has focused on renewable energy adoption, happy to share findings. #RenewableEnergy",en,TweetDeck,Youth Climate Movement,,,,
1700000000000039767,900000000000001233,2024-09-18 11:19:00,New report shows carbon emissions is accelerating faster than expected. #ClimateJustice,es,Twitter Web App,Carbon Emissions,5,2,13,1
1700000000000039858,900000000000006439,2024-08-13 06:40:00,"RT @polarnews6931_22: Skeptical of the latest claims about climate policy, needs more data. #Environment cc @oceantalks7239_42",de,Twitter Web App,Climate Denial Debate,9,2,20,2
1700000000000039949,900000000000005754,2024-09-10 07:44:00,@leaftalks7887_21 Proud to see my city investing in green technology. #Sustainability #ClimateChange,en,TweetDeck,Green Technology,6,2,24,6
1700000000000040040,900000000000001233,2024-08-13 20:37:00,RT @planetzone8667_28: New report shows climate activism is accelerating faster than expected. #GreenTech #ClimateAction,de,Twitter Web App,Extreme Weather,4,28,9,1
1700000000000040131,900000000000004521,2024-08-02 21:08:00,Can we talk about how extreme weather affects everyday people? #ClimateChange #COP,en,Twitter Web App,Renewable Energy,,,,
1700000000000040222,900000000000006302,2024-09-21 19:56:00,Local government just announced new funding for climate activism.,en,Twitter for iPhone,Renewable Energy,,,,
1700000000000040313,900000000000000959,2024-08-13 17:18:00,@stormdesk635_35 @climatevoice7963_13 Kids today deserve better answers on climate activism. #NetZero,fr,TweetDeck,Corporate Sustainability,4,2,30,3
1700000000000040404,900000000000001370,2024-09-18 16:23:00,"This graph on flood defenses is wild, take a look. #Environment",en,TweetDeck,Climate Denial Debate,4,2,11,2
1700000000000040495,900000000000001507,2024-08-16 12:13:00,Op-ed: what we're getting wrong about flood defenses. #RenewableEnergy,en,Twitter for iPhone,Corporate Sustainability,16,3,78,1
1700000000000040586,900000000000000959,2024-08-28 14:29:00,"This graph on the youth climate movement is wild, take a look. #ClimateJustice #Environment",en,Twitter for Android,Climate Denial Debate,4,3,10,1
1700000000000040677,900000000000001507,2024-09-20 08:59:00,Op-ed: what we're getting wrong about renewable energy adoption. #Environment,en,Twitter Web App,Green Technology,3,2,15,1
1700000000000040768,900000000000001918,2024-09-17 17:58:00,Small businesses are adapting fast when it comes to green technology. #ClimateJustice cc @climatetalks6791_44,en,Twitter for iPhone,Wildlife & Conservation,9,2,11,36
1700000000000040859,900000000000002466,2024-09-18 14:46:00,"Just read a great thread on corporate sustainability pledges, worth your time. #RenewableEnergy cc @urbannow3789_49",fr,Twitter for iPhone,Green Technology,,,,
