order_id,session_id,order_euros
1,500001,48.17
2,500008,95.78
3,500012,52.87
4,500014,46.82
5,500015,59.81
6,500018,49.25
7,500022,31.11
8,500026,53.88
9,500028,28.03
10,500035,41.3
11,500038,28.44
12,500039,64.25
13,500041,29.7
14,500042,106.23
15,500045,31.44
16,500049,35.18
17,500054,43.98
18,500059,41.21
19,500062,76.03
20,500071,34.79
21,500075,21.3
22,500076,41.04
23,500077,40.85
24,500078,50.35
25,500079,62.87
26,500080,21.15
27,500091,65.15
28,500093,28.03
29,500104,30.5
30,500105,22.71
31,500112,29.97
32,500114,54.39
33,500119,70.02
34,500134,73.88
35,500143,71.88
36,500146,42.49
37,500149,34.19
38,500155,49.3
39,500156,15.51
40,500157,23.1
41,500159,17.56
42,500161,48.57
43,500163,45.55
44,500164,94.73
45,500170,45.73
46,500176,42.99
47,500178,109.66
48,500182,79.05
49,500186,44.21
50,500199,25.39
51,500200,57.87
52,500203,43.09
53,500206,76.95
54,500208,62.33
55,500209,111.59
56,500210,36.03
57,500218,161.84
58,500225,147.54
59,500231,50.4
60,500234,45.22
61,500237,40.91
62,500240,97.78
63,500241,71.45
64,500246,16.99
65,500252,45.5
66,500256,54.13
67,500257,31.27
68,500261,50.95
69,500265,48.99
70,500266,32.26
71,500273,41.5
72,500274,53.79
73,500278,166.81
74,500279,47.81
75,500291,20.42
76,500295,93.32
77,500298,59.72
78,500302,24.69
79,500308,55.15
80,500317,47.8
81,500318,44.69
82,500319,31.56
83,500322,46.0
84,500327,123.6
85,500334,33.25
86,500340,16.72
87,500352,70.48
88,500355,35.9
89,500365,36.33
90,500366,58.28
91,500372,40.58
92,500378,40.62
93,500379,157.05
94,500381,90.03
95,500382,18.67
96,500383,47.31
97,500390,69.25
98,500395,61.12
99,500396,47.32
100,500398,26.57
101,500403,55.32
102,500411,28.16
103,500417,61.26
104,500425,23.42
105,500429,87.08
106,500430,44.23
107,500433,38.14
108,500435,73.36
109,500441,66.76
110,500452,47.02
111,500461,23.36
112,500469,66.7
113,500470,28.05
114,500481,23.38
115,500484,22.88
116,500487,60.27
117,500490,46.25
118,500491,54.65
119,500499,39.29
120,500501,40.18
121,500504,118.44
122,500505,29.85
123,500507,112.47
124,500509,95.99
125,500521,43.77
126,500527,51.52
127,500530,76.15
128,500538,21.3
129,500539,34.79
130,500541,73.53
131,500544,49.41
132,500545,58.95
133,500552,44.22
134,500553,92.66
135,500556,56.14
136,500557,96.54
137,500561,58.22
138,500568,57.5
139,500569,58.13
140,500571,112.11
141,500585,57.06
142,500590,27.34
143,500599,119.55
144,500600,34.86
145,500601,77.56
146,500602,137.05
147,500606,64.15
148,500608,50.66
149,500610,63.7
150,500611,43.4
151,500618,32.64
152,500627,119.64
153,500630,57.92
154,500637,57.03
155,500638,46.64
156,500639,92.4
157,500640,46.25
158,500648,63.29
159,500652,55.07
160,500666,14.82
161,500673,36.31
162,500676,59.5
163,500679,44.95
164,500682,46.66
165,500689,69.42
166,500698,118.24
167,500701,42.99
168,500713,56.16
169,500717,79.64
170,500723,53.9
171,500724,54.9
172,500726,55.33
173,500728,45.69
174,500729,44.98
175,500733,21.34
176,500738,39.94
177,500739,99.35
178,500740,58.11
179,500744,51.05
180,500746,61.38
181,500750,13.09
182,500751,49.11
183,500762,43.69
184,500763,25.12
185,500771,175.05
186,500774,67.58
187,500775,93.26
188,500779,55.99
189,500782,29.97
190,500783,26.52
191,500784,62.9
192,500786,91.87
193,500787,61.63
194,500792,39.19
195,500793,35.84
196,500795,72.15
197,500802,40.78
198,500804,15.25
199,500807,52.66
200,500809,48.2
201,500812,101.07
202,500813,18.92
203,500814,24.32
204,500816,98.66
205,500820,33.3
206,500833,82.45
207,500835,76.23
208,500836,29.28
209,500841,86.87
210,500849,92.77
211,500854,65.64
212,500858,68.48
213,500862,94.9
214,500868,61.27
215,500872,15.01
216,500874,69.33
217,500879,34.57
218,500881,79.78
219,500882,67.57
220,500883,86.88
221,500884,120.75
222,500885,33.5
223,500900,88.11
224,500906,107.32
225,500909,26.1
226,500910,28.77
227,500911,106.05
228,500912,105.15
229,500913,35.37
230,500917,62.96
231,500926,56.09
232,500929,88.76
233,500930,36.69
234,500934,40.12
235,500937,40.57
236,500938,47.02
237,500939,30.77
238,500940,38.22
239,500947,51.53
240,500952,27.4
241,500954,53.86
242,500956,53.02
243,500959,38.13
244,500961,82.54
245,500964,36.84
246,500965,106.72
247,500969,41.05
248,500970,20.15
249,500971,52.95
250,500978,13.36
251,500979,52.1
252,500982,56.79
253,500985,72.25
254,500991,27.63
255,500998,101.08
256,500999,41.09
257,501000,61.96
258,501007,38.3
259,501010,23.49
260,501016,55.15
261,501018,36.76
262,501020,34.77
263,501029,85.47
264,501032,14.65
265,501033,23.63
266,501035,42.75
267,501044,35.88
268,501045,22.58
269,501046,33.08
270,501052,64.2
271,501067,43.98
272,501081,81.69
273,501086,58.73
274,501091,59.62
275,501093,44.31
276,501095,53.91
277,501098,17.35
278,501104,35.68
279,501123,52.75
280,501124,59.22
281,501126,32.9
282,501132,54.25
283,501134,54.09
284,501136,37.22
285,501139,42.14
286,501142,21.81
287,501150,192.74
288,501159,21.49
289,501161,50.77
290,501162,66.12
291,501163,66.24
292,501164,38.41
293,501166,43.54
294,501170,27.63
295,501178,81.03
296,501189,76.86
297,501192,22.25
298,501193,45.61
299,501195,54.87
300,501197,43.62
301,501203,46.2
302,501204,50.71
303,501207,47.98
304,501215,84.1
305,501225,48.79
306,501227,73.36
307,501229,55.9
308,501239,64.07
309,501240,39.44
310,501241,73.77
311,501242,51.89
312,501244,36.11
313,501248,101.69
314,501255,44.78
315,501262,85.93
316,501266,124.5
317,501268,95.47
318,501271,37.96
319,501274,37.82
320,501275,49.45
321,501284,56.26
322,501289,102.86
323,501294,33.11
324,501295,42.23
325,501296,33.45
326,501299,86.07
327,501301,37.53
328,501305,19.68
329,501308,72.91
330,501311,42.94
331,501313,28.86
332,501314,37.64
333,501320,104.08
334,501322,25.31
335,501325,46.28
336,501329,55.0
337,501336,43.34
338,501338,86.93
339,501342,75.13
340,501352,27.82
341,501353,39.0
342,501358,35.59
343,501362,100.11
344,501364,34.33
345,501369,47.14
346,501370,27.61
347,501382,41.96
348,501395,51.17
349,501400,34.89
350,501401,26.23
351,501403,12.52
352,501408,25.24
353,501413,21.38
354,501418,48.12
355,501425,52.06
356,501426,46.01
357,501427,80.71
358,501430,63.33
359,501433,99.43
360,501442,31.43
361,501447,33.68
362,501450,55.35
363,501455,49.46
364,501456,45.07
365,501457,43.29
366,501458,24.24
367,501460,62.39
368,501465,50.77
369,501468,46.47
370,501469,41.63
371,501475,39.61
372,501478,34.7
373,501479,80.93
374,501481,42.92
375,501482,20.32
376,501483,87.25
377,501484,64.5
378,501491,80.12
379,501498,45.54
380,501512,92.62
381,501517,63.16
382,501524,38.2
383,501534,52.36
384,501535,42.46
385,501536,63.6
386,501538,40.8
387,501541,30.12
388,501542,66.78
389,501544,75.17
390,501545,20.22
391,501546,37.03
392,501550,30.35
393,501551,86.46
394,501553,53.82
395,501559,60.41
396,501568,57.77
397,501582,35.15
398,501587,97.66
399,501591,28.18
400,501605,73.55
401,501607,82.6
402,501609,40.72
403,501614,128.2
404,501618,46.56
405,501625,51.88
406,501629,41.97
407,501630,52.88
408,501636,35.41
409,501638,25.07
410,501639,57.36
411,501640,38.53
412,501649,54.39
413,501652,48.62
414,501655,82.36
415,501658,98.09
416,501659,90.0
417,501666,34.86
418,501667,55.94
419,501669,117.2
420,501671,66.55
421,501674,61.68
422,501678,19.56
423,501680,29.1
424,501681,44.46
425,501682,80.44
426,501685,69.72
427,501689,62.15
428,501693,31.51
429,501695,94.98
430,501700,52.75
431,501701,96.95
432,501702,49.61
433,501705,49.9
434,501709,34.42
435,501710,45.89
436,501711,38.18
437,501715,79.67
438,501718,67.24
439,501726,28.41
440,501729,42.75
441,501731,70.8
442,501735,49.84
443,501738,36.35
444,501739,49.67
445,501745,109.65
446,501753,62.66
447,501765,57.21
448,501768,62.77
449,501770,81.9
450,501780,119.96
451,501785,56.61
452,501788,53.13
453,501791,62.8
454,501793,163.32
455,501794,19.2
456,501795,54.05
457,501796,67.26
458,501799,34.23
459,501803,22.06
460,501807,16.66
461,501809,63.46
462,501810,78.21
463,501814,50.88
464,501836,49.79
465,501837,54.31
466,501842,39.59
467,501843,57.1
468,501847,34.85
469,501851,22.11
470,501854,48.69
471,501857,52.16
472,501860,66.61
473,501871,26.21
474,501872,50.35
475,501877,88.94
476,501878,42.78
477,501883,34.81
478,501884,66.04
479,501885,65.28
480,501886,41.93
481,501887,36.97
482,501888,14.25
483,501894,85.6
484,501901,32.83
485,501904,64.2
486,501908,86.73
487,501923,43.86
488,501924,56.65
489,501926,91.34
490,501934,135.96
491,501936,50.31
492,501939,26.33
493,501942,17.28
494,501947,63.11
495,501963,71.67
496,501965,81.18
497,501978,70.76
498,501979,30.58
499,501980,18.62
500,501983,46.82
501,501984,28.51
502,501992,66.75
503,501998,91.86
504,502002,61.64
505,502005,78.58
506,502014,52.73
507,502022,70.14
508,502026,20.04
509,502032,32.03
510,502035,35.64
511,502045,51.59
512,502046,56.07
513,502057,41.59
514,502058,91.25
515,502059,26.73
516,502072,69.44
517,502076,62.97
518,502080,65.14
519,502083,26.97
520,502089,41.46
521,502098,60.65
522,502108,93.26
523,502118,29.03
524,502119,26.49
525,502121,77.95
526,502123,51.81
527,502125,21.58
528,502127,43.88
529,502133,119.66
530,502134,48.06
531,502135,31.56
532,502136,99.3
533,502144,27.26
534,502145,66.7
535,502149,29.79
536,502150,32.6
537,502156,34.35
538,502161,15.99
539,502170,35.83
540,502178,59.7
541,502180,41.43
542,502181,21.75
543,502185,32.67
544,502192,14.14
545,502195,41.05
546,502198,63.76
547,502204,51.11
548,502217,56.78
549,502222,32.52
550,502224,50.84
551,502225,31.54
552,502233,93.62
553,502248,45.51
554,502254,33.74
555,502255,59.87
556,502257,54.52
557,502259,53.05
558,502261,25.85
559,502277,20.26
560,502285,55.38
561,502290,65.25
562,502300,62.59
563,502308,29.01
564,502314,45.48
565,502318,54.35
566,502320,37.02
567,502321,42.41
568,502324,48.18
569,502329,50.89
570,502336,97.24
571,502340,67.03
572,502347,91.68
573,502348,31.22
574,502355,52.13
575,502367,81.11
576,502369,72.06
577,502371,229.25
578,502378,39.27
579,502381,71.69
580,502382,58.24
581,502383,85.23
582,502388,41.1
583,502389,23.45
584,502391,19.36
585,502392,33.31
586,502394,63.09
587,502397,28.81
588,502398,94.28
589,502400,68.06
590,502401,24.6
591,502403,99.05
592,502404,51.05
593,502410,70.61
594,502411,70.06
595,502427,23.96
596,502433,59.86
597,502439,40.36
598,502446,44.74
599,502449,28.93
600,502451,19.61
601,502453,29.69
602,502455,62.72
603,502468,72.7
604,502470,55.02
605,502472,83.79
606,502474,156.7
607,502481,36.06
608,502505,130.05
609,502506,40.14
610,502507,89.37
611,502513,48.89
612,502515,39.95
613,502516,25.04
614,502522,60.27
615,502525,95.15
616,502527,50.29
617,502528,39.71
618,502530,109.06
619,502533,80.45
620,502544,32.33
621,502548,32.78
622,502554,43.84
623,502573,102.38
624,502580,20.27
625,502584,49.14
626,502587,24.51
627,502590,31.92
628,502599,26.46
629,502602,110.21
630,502603,23.06
631,502614,25.19
632,502617,53.25
633,502620,101.88
634,502628,49.83
635,502631,44.1
636,502632,122.78
637,502637,51.72
638,502639,74.0
639,502647,34.9
640,502650,32.17
641,502656,18.27
642,502657,58.1
643,502658,60.15
644,502660,33.73
645,502662,55.62
646,502665,38.38
647,502674,53.0
648,502675,28.33
649,502676,41.33
650,502679,51.48
651,502680,38.43
652,502681,39.79
653,502685,35.29
654,502693,46.35
655,502694,40.68
656,502697,20.45
657,502700,21.65
658,502703,41.82
659,502704,31.97
660,502710,36.65
661,502712,55.79
662,502713,45.44
663,502715,44.27
664,502717,56.36
665,502724,49.29
666,502727,114.22
667,502728,32.18
668,502733,111.56
669,502735,205.25
670,502737,31.05
671,502738,55.03
672,502741,187.04
673,502745,31.08
674,502748,30.13
675,502749,29.02
676,502750,81.89
677,502757,67.72
678,502762,42.4
679,502763,19.13
680,502765,65.54
681,502772,42.58
682,502782,41.27
683,502785,44.64
684,502793,27.94
685,502795,52.73
686,502798,91.16
687,502805,63.24
688,502807,51.95
689,502812,68.07
690,502813,24.26
691,502820,61.38
692,502822,26.46
693,502823,47.08
694,502833,49.83
695,502835,49.18
696,502840,40.05
697,502841,57.45
698,502846,18.21
699,502870,43.34
700,502872,38.92
701,502879,71.13
702,502884,22.82
703,502891,53.4
704,502893,56.3
705,502894,39.93
706,502895,82.18
707,502903,47.63
708,502905,66.13
709,502912,35.86
710,502913,37.76
711,502914,73.09
712,502915,72.37
713,502922,46.32
714,502923,50.5
715,502926,17.63
716,502929,62.98
717,502932,104.23
718,502933,29.83
719,502938,36.55
720,502942,90.6
721,502946,66.09
722,502956,98.44
723,502964,36.82
724,502969,40.57
725,502970,72.48
726,502971,42.86
727,502974,52.6
728,502982,39.41
729,502984,80.01
730,502987,70.71
731,502990,105.1
732,502991,46.27
733,502993,50.46
734,502997,73.76
735,502999,32.87
736,503001,72.03
737,503012,42.98
738,503015,41.86
739,503017,46.05
740,503020,36.4
741,503025,112.49
742,503032,44.31
743,503035,102.84
744,503039,50.1
745,503040,102.75
746,503053,20.21
747,503060,24.3
748,503063,81.9
749,503065,25.85
750,503067,18.04
751,503069,59.88
752,503073,55.96
753,503074,25.17
754,503081,66.71
755,503083,35.76
756,503085,17.71
757,503100,38.37
758,503106,37.4
759,503110,39.57
760,503112,77.28
761,503117,104.67
762,503120,65.72
763,503122,50.3
764,503123,23.24
765,503127,70.82
766,503129,12.22
767,503131,59.9
768,503137,36.39
769,503145,50.33
770,503148,43.21
771,503152,58.17
772,503153,65.9
773,503157,55.06
774,503159,136.56
775,503160,57.9
776,503164,61.62
777,503169,34.1
778,503177,83.24
779,503179,42.93
780,503181,111.78
781,503183,66.25
782,503184,29.88
783,503188,84.73
784,503194,29.28
785,503198,86.02
786,503201,72.09
787,503202,46.76
788,503204,76.46
789,503207,50.32
790,503212,27.59
791,503213,74.16
792,503217,74.59
793,503234,81.64
794,503238,70.03
795,503246,55.35
796,503263,27.86
797,503265,29.42
798,503275,112.56
799,503276,101.82
800,503280,98.11
801,503281,61.95
802,503287,78.4
803,503292,47.98
804,503294,15.03
805,503305,63.01
806,503307,109.32
807,503312,33.98
808,503314,44.34
809,503319,74.25
810,503320,82.89
811,503321,36.95
812,503323,21.68
813,503325,97.0
814,503326,45.57
815,503328,65.6
816,503334,37.5
817,503335,47.1
818,503343,26.83
819,503344,62.58
820,503346,54.54
821,503353,32.78
822,503365,457.53
823,503370,105.77
824,503375,28.35
825,503376,164.21
826,503381,40.0
827,503382,72.07
828,503383,85.06
829,503390,27.87
830,503395,128.47
831,503400,37.44
832,503402,41.44
833,503404,33.36
834,503406,66.16
835,503407,29.39
836,503408,69.12
837,503412,34.38
838,503415,25.96
839,503416,29.11
840,503420,40.84
841,503421,80.66
842,503425,37.11
843,503427,61.5
844,503428,25.31
845,503432,78.59
846,503434,23.69
847,503440,14.89
848,503441,52.06
849,503443,32.98
850,503453,75.29
851,503454,64.98
852,503455,70.39
853,503459,66.12
854,503470,25.97
855,503471,64.31
856,503478,43.36
857,503486,31.69
858,503487,122.05
859,503490,37.79
860,503497,86.23
861,503514,45.8
862,503516,18.24
863,503518,32.53
864,503525,54.24
865,503530,79.15
866,503534,53.1
867,503545,38.99
868,503546,40.2
869,503548,96.16
870,503551,98.46
871,503562,64.86
872,503568,53.43
873,503573,153.34
874,503577,81.9
875,503582,43.47
876,503584,42.16
877,503585,41.26
878,503588,38.68
879,503589,100.35
880,503595,64.72
881,503596,76.24
882,503605,33.1
883,503607,76.22
884,503621,72.7
885,503624,32.27
886,503628,26.14
887,503636,69.42
888,503641,49.75
889,503661,52.22
890,503664,20.45
891,503670,133.34
892,503671,46.24
893,503680,76.63
894,503684,28.12
895,503685,73.5
896,503689,28.27
897,503691,50.34
898,503696,107.67
899,503700,21.3
900,503704,47.24
901,503708,15.55
902,503709,48.62
903,503723,69.52
904,503726,41.33
905,503731,63.88
906,503732,43.49
907,503734,23.5
908,503735,79.51
909,503744,56.73
910,503749,71.83
911,503759,45.93
912,503762,38.33
913,503765,43.31
914,503769,40.97
915,503772,77.49
916,503773,75.75
917,503777,43.07
918,503778,69.03
919,503783,42.8
920,503788,50.64
921,503791,56.0
922,503795,72.98
923,503802,43.92
924,503803,40.21
925,503806,74.03
926,503807,33.65
927,503816,96.77
928,503828,31.01
929,503838,97.05
930,503852,22.86
931,503855,26.62
932,503857,33.09
933,503858,32.23
934,503871,28.08
935,503880,51.7
936,503881,33.15
937,503883,35.96
938,503886,31.85
939,503888,51.03
940,503893,28.51
941,503894,64.86
942,503898,44.18
943,503900,44.51
944,503902,84.28
945,503909,18.57
946,503915,69.39
947,503920,34.09
948,503921,81.8
949,503926,76.99
950,503927,20.4
951,503929,52.78
952,503933,50.34
953,503940,23.16
954,503944,45.4
955,503945,87.31
956,503958,28.33
957,503963,32.53
958,503965,81.47
959,503967,42.5
960,503969,52.2
961,503971,26.68
962,503974,30.24
963,503976,64.78
964,503977,44.3
965,503982,56.51
966,503983,58.61
967,503988,71.72
968,503996,42.84
969,503997,24.89
970,503998,25.15
971,504000,44.37
972,504004,82.45
973,504005,42.49
974,504008,39.84
975,504017,79.12
976,504018,53.86
977,504028,58.6
978,504040,52.4
979,504048,39.57
980,504049,54.8
981,504056,25.31
982,504059,39.32
983,504061,72.77
984,504062,58.59
985,504065,29.77
986,504067,74.45
987,504068,81.74
988,504071,99.33
989,504073,61.78
990,504074,148.3
991,504076,21.07
992,504088,23.38
993,504097,64.69
994,504099,25.65
995,504104,67.26
996,504107,62.46
997,504109,31.15
998,504116,65.53
999,504118,67.51
1000,504126,70.43
1001,504130,48.72
1002,504131,71.93
1003,504138,49.19
1004,504144,28.22
1005,504149,31.47
1006,504154,47.2
1007,504158,40.79
1008,504160,35.9
1009,504180,87.49
1010,504182,78.96
1011,504184,35.2
1012,504188,37.31
1013,504193,42.7
1014,504196,27.93
1015,504199,27.96
1016,504201,29.68
1017,504213,59.57
1018,504215,51.46
1019,504216,79.72
1020,504223,85.2
1021,504225,52.7
1022,504226,38.67
1023,504233,47.15
1024,504234,31.43
1025,504235,95.01
1026,504238,71.75
1027,504239,96.16
1028,504250,39.45
1029,504253,22.92
1030,504260,40.32
1031,504263,46.42
1032,504270,37.61
1033,504273,72.58
1034,504283,31.48
1035,504287,31.36
1036,504288,62.11
1037,504302,70.24
1038,504304,39.72
1039,504306,36.42
1040,504307,66.8
1041,504315,39.0
1042,504318,53.85
1043,504319,47.36
1044,504324,31.56
1045,504325,65.6
1046,504329,145.65
1047,504333,55.92
1048,504334,40.41
1049,504336,47.32
1050,504342,35.89
1051,504348,44.58
1052,504350,33.79
1053,504351,24.65
1054,504361,67.65
1055,504364,20.54
1056,504368,49.55
1057,504370,57.55
1058,504375,76.18
1059,504377,39.59
1060,504378,163.44
1061,504379,21.64
1062,504381,34.48
1063,504384,61.41
1064,504386,94.38
1065,504387,61.33
1066,504393,137.13
1067,504400,20.38
1068,504401,26.61
1069,504403,45.26
1070,504409,38.6
1071,504413,24.41
1072,504414,28.18
1073,504416,46.07
1074,504418,25.03
1075,504419,68.64
1076,504420,65.89
1077,504421,45.06
1078,504426,37.42
1079,504427,38.66
1080,504430,110.76
1081,504437,38.02
1082,504444,44.2
1083,504447,25.91
1084,504449,47.6
1085,504450,63.01
1086,504452,37.39
1087,504455,53.75
1088,504459,74.36
1089,504461,21.87
1090,504464,29.28
1091,504465,80.61
1092,504467,25.29
1093,504469,32.43
1094,504470,89.81
1095,504473,151.77
1096,504482,35.58
1097,504484,48.2
1098,504488,43.52
1099,504489,65.46
1100,504493,36.26
1101,504497,122.11
1102,504502,70.06
1103,504513,40.11
1104,504518,37.7
1105,504530,105.38
1106,504531,68.95
1107,504538,67.83
1108,504540,35.19
1109,504541,47.88
1110,504545,17.6
1111,504547,73.62
1112,504549,30.53
1113,504551,61.16
1114,504554,19.18
1115,504559,81.73
1116,504564,93.65
1117,504566,39.11
1118,504568,44.73
1119,504577,61.67
1120,504579,54.35
1121,504580,43.92
1122,504582,100.13
1123,504585,18.27
1124,504591,79.51
1125,504597,45.74
1126,504598,67.39
1127,504600,28.76
1128,504606,67.74
1129,504610,53.65
1130,504612,42.9
1131,504613,53.73
1132,504616,11.77
1133,504618,53.73
1134,504628,41.21
1135,504630,56.24
1136,504632,90.33
1137,504639,85.53
1138,504640,39.78
1139,504644,49.72
1140,504646,26.54
1141,504647,133.34
1142,504651,157.22
1143,504657,51.17
1144,504658,80.91
1145,504660,39.25
1146,504666,57.11
1147,504676,35.89
1148,504683,37.83
1149,504688,35.17
1150,504698,89.3
1151,504699,69.26
1152,504702,27.75
1153,504703,39.24
1154,504719,55.16
1155,504722,43.43
1156,504724,121.84
1157,504733,66.55
1158,504737,43.2
1159,504740,34.45
1160,504744,76.37
1161,504749,34.73
1162,504753,87.63
1163,504755,69.76
1164,504757,73.55
1165,504760,125.02
1166,504766,36.4
1167,504768,143.55
1168,504780,26.56
1169,504781,42.18
1170,504788,46.4
1171,504791,49.44
1172,504792,45.38
1173,504799,41.43
1174,504806,65.34
1175,504811,33.14
1176,504819,39.71
1177,504824,53.01
1178,504825,61.16
1179,504832,59.15
1180,504833,102.26
1181,504834,33.85
1182,504838,74.79
1183,504839,47.19
1184,504840,64.03
1185,504841,39.18
1186,504845,64.57
1187,504847,44.51
1188,504848,47.84
1189,504849,58.14
1190,504851,46.86
1191,504873,71.53
1192,504877,62.52
1193,504882,40.82
1194,504885,81.14
1195,504886,48.44
1196,504888,40.67
1197,504890,28.61
1198,504891,52.32
1199,504892,33.99
1200,504897,99.15
1201,504899,41.01
1202,504909,62.13
1203,504916,38.15
1204,504924,56.66
1205,504926,96.65
1206,504930,40.84
1207,504936,47.52
1208,504939,30.01
1209,504941,39.69
1210,504942,48.28
1211,504943,26.82
1212,504949,30.59
1213,504952,67.11
1214,504953,74.59
1215,504959,63.69
1216,504963,71.37
1217,504967,25.68
1218,504976,44.3
1219,504977,77.25
1220,504979,52.97
1221,504984,54.46
1222,504996,22.17
1223,505003,41.19
1224,505004,80.8
1225,505007,14.18
1226,505016,56.61
1227,505017,41.31
1228,505018,63.65
1229,505020,30.04
1230,505024,50.78
1231,505029,42.1
1232,505038,63.58
1233,505043,50.55
1234,505054,50.01
1235,505055,153.21
1236,505064,25.96
1237,505071,29.33
1238,505079,72.65
1239,505083,23.22
1240,505084,28.28
1241,505093,49.93
1242,505099,120.99
1243,505100,56.53
1244,505103,100.37
1245,505104,28.07
1246,505108,104.25
1247,505116,57.88
1248,505122,64.45
1249,505123,70.75
1250,505124,52.3
1251,505129,29.23
1252,505141,55.51
1253,505147,35.27
1254,505151,65.49
1255,505153,68.69
1256,505155,124.83
1257,505156,71.29
1258,505158,35.55
1259,505165,61.27
1260,505181,51.52
1261,505183,69.55
1262,505192,28.64
1263,505196,53.59
1264,505197,145.54
1265,505199,29.49
1266,505200,62.03
1267,505203,33.52
1268,505216,96.47
1269,505222,51.84
1270,505223,38.44
1271,505224,42.14
1272,505225,23.63
1273,505228,72.97
1274,505229,33.89
1275,505244,43.08
1276,505257,84.46
1277,505258,121.54
1278,505260,47.87
1279,505264,77.46
1280,505267,50.83
1281,505268,18.99
1282,505277,70.05
1283,505278,58.14
1284,505279,46.49
1285,505282,30.8
1286,505286,19.86
1287,505288,21.56
1288,505290,45.06
1289,505291,69.34
1290,505306,55.08
1291,505307,26.24
1292,505309,46.29
1293,505312,98.03
1294,505315,52.63
1295,505318,26.12
1296,505319,51.23
1297,505324,57.85
1298,505326,39.16
1299,505340,25.66
1300,505354,190.64
1301,505358,50.92
1302,505362,22.68
1303,505364,60.46
1304,505367,42.2
1305,505378,52.97
1306,505381,44.01
1307,505382,30.67
1308,505385,79.23
1309,505395,60.04
1310,505402,32.1
1311,505404,52.01
1312,505405,79.45
1313,505412,53.97
1314,505415,27.94
1315,505416,43.1
1316,505418,36.72
1317,505419,66.71
1318,505424,55.94
1319,505425,44.61
1320,505433,63.85
1321,505459,33.94
1322,505461,21.51
1323,505462,90.29
1324,505467,57.31
1325,505468,79.04
1326,505469,60.9
1327,505473,58.41
1328,505487,44.31
1329,505490,35.16
1330,505496,43.99
1331,505498,68.39
1332,505499,18.12
1333,505505,69.41
1334,505509,46.21
1335,505511,158.84
1336,505513,93.21
1337,505524,33.08
1338,505527,36.39
1339,505528,28.35
1340,505533,101.68
1341,505536,50.36
1342,505541,70.2
1343,505543,119.74
1344,505544,100.46
1345,505553,45.47
1346,505555,39.69
1347,505558,63.05
1348,505566,43.87
1349,505567,67.31
1350,505570,35.03
1351,505571,40.35
1352,505574,31.98
1353,505583,101.62
1354,505584,45.16
1355,505587,92.04
1356,505594,45.53
1357,505600,36.94
1358,505601,43.79
1359,505603,31.21
1360,505604,97.85
1361,505605,24.44
1362,505607,73.44
1363,505616,23.89
1364,505620,55.2
1365,505622,91.05
1366,505623,73.23
1367,505624,53.38
1368,505627,64.7
1369,505628,38.26
1370,505630,32.05
1371,505638,76.49
1372,505645,89.49
1373,505647,36.76
1374,505650,85.35
1375,505657,63.53
1376,505664,41.91
1377,505666,72.5
1378,505667,69.13
1379,505671,129.4
1380,505674,56.56
1381,505675,122.36
1382,505689,47.26
1383,505691,42.87
1384,505693,60.21
1385,505697,98.4
1386,505701,32.22
1387,505703,78.91
1388,505706,37.91
1389,505709,32.01
1390,505712,60.43
1391,505713,138.44
1392,505721,60.99
1393,505730,53.47
1394,505731,171.89
1395,505732,13.19
1396,505742,61.56
1397,505743,24.74
1398,505746,52.16
1399,505754,65.58
1400,505758,125.77
1401,505763,40.19
1402,505770,15.71
1403,505771,29.46
1404,505775,37.11
1405,505784,57.42
1406,505785,56.66
1407,505787,37.25
1408,505798,44.34
1409,505799,42.01
1410,505802,44.08
1411,505803,150.69
1412,505805,56.11
1413,505808,58.2
1414,505812,80.38
1415,505817,31.31
1416,505818,63.64
1417,505822,40.17
1418,505829,23.84
1419,505831,51.1
1420,505832,97.26
1421,505833,31.56
1422,505835,28.16
1423,505836,99.66
1424,505838,46.26
1425,505840,53.95
1426,505842,51.01
1427,505844,97.04
1428,505848,19.81
1429,505852,53.26
1430,505854,36.46
1431,505859,60.12
1432,505864,20.92
1433,505868,79.76
1434,505873,43.2
1435,505874,65.05
1436,505875,40.7
1437,505884,56.77
1438,505886,43.08
1439,505891,48.4
1440,505892,114.76
1441,505895,75.23
1442,505898,58.35
1443,505905,77.06
1444,505912,44.42
1445,505913,45.16
1446,505916,40.57
1447,505921,45.16
1448,505926,126.42
1449,505929,23.32
1450,505931,84.6
1451,505935,48.56
1452,505943,41.18
1453,505946,38.62
1454,505948,24.62
1455,505954,79.93
1456,505961,86.47
1457,505968,113.63
1458,505972,38.62
1459,505973,35.24
1460,505977,33.48
1461,505986,61.69
1462,505992,25.25
1463,505993,76.17
1464,505996,51.08
1465,505997,82.44
1466,505999,29.0
1467,506001,67.44
1468,506006,93.61
1469,506007,28.39
1470,506008,86.4
1471,506011,38.38
1472,506014,22.72
1473,506016,45.77
1474,506028,62.53
1475,506033,16.63
1476,506035,39.9
1477,506037,54.54
1478,506039,61.03
1479,506042,48.08
1480,506048,95.91
1481,506052,65.47
1482,506060,30.81
1483,506064,31.92
1484,506065,57.63
1485,506067,28.6
1486,506069,34.07
1487,506074,34.17
1488,506092,23.93
1489,506095,34.2
1490,506096,78.64
1491,506100,39.73
1492,506104,15.59
1493,506105,67.75
1494,506107,39.97
1495,506108,55.47
1496,506111,80.32
1497,506119,48.89
1498,506128,80.92
1499,506132,23.39
1500,506150,55.8
1501,506153,119.08
1502,506154,55.69
1503,506156,31.67
1504,506159,49.43
1505,506162,59.54
1506,506165,85.03
1507,506169,23.72
1508,506174,80.19
1509,506181,27.92
1510,506183,89.2
1511,506195,99.28
1512,506197,46.15
1513,506200,40.4
1514,506206,37.01
1515,506212,73.74
1516,506219,23.21
1517,506221,70.18
1518,506223,33.77
1519,506228,49.89
1520,506230,44.39
1521,506242,20.96
1522,506250,42.0
1523,506252,44.93
1524,506254,116.64
1525,506259,25.81
1526,506261,73.95
1527,506267,41.58
1528,506274,115.32
1529,506280,93.24
1530,506281,66.65
1531,506284,87.34
1532,506285,82.51
1533,506288,87.1
1534,506290,44.97
1535,506294,73.98
1536,506300,32.33
1537,506302,59.3
1538,506308,77.33
1539,506313,37.31
1540,506318,35.65
1541,506324,59.12
1542,506332,53.14
1543,506336,48.04
1544,506343,26.65
1545,506348,37.96
1546,506353,41.65
1547,506356,70.83
1548,506357,48.38
1549,506361,54.52
1550,506363,59.91
1551,506366,46.13
1552,506368,77.56
1553,506371,64.74
1554,506376,40.44
1555,506378,27.68
1556,506386,77.49
1557,506392,14.73
1558,506395,30.71
1559,506416,30.09
1560,506421,64.76
1561,506425,40.76
1562,506426,27.42
1563,506427,58.05
1564,506429,32.87
1565,506430,67.52
1566,506436,50.24
1567,506441,30.66
1568,506447,44.17
1569,506456,62.87
1570,506462,47.07
1571,506467,21.68
1572,506469,26.11
1573,506470,39.03
1574,506471,49.76
1575,506472,51.56
1576,506497,55.04
1577,506500,64.58
1578,506501,98.65
1579,506504,51.14
1580,506505,50.01
1581,506515,46.51
1582,506519,79.33
1583,506522,44.75
1584,506526,18.84
1585,506530,34.71
1586,506534,120.2
1587,506535,40.03
1588,506538,102.0
1589,506540,31.58
1590,506545,69.04
1591,506552,59.43
1592,506555,29.13
1593,506558,42.1
1594,506560,37.65
1595,506566,29.75
1596,506567,43.56
1597,506569,26.92
1598,506570,73.61
1599,506575,94.91
1600,506583,33.41
1601,506585,44.06
1602,506596,68.81
1603,506605,10.55
1604,506615,113.91
1605,506618,32.3
1606,506621,64.1
1607,506622,62.1
1608,506630,62.39
1609,506634,32.66
1610,506635,110.77
1611,506641,25.47
1612,506645,39.9
1613,506648,24.76
1614,506651,31.33
1615,506659,87.98
1616,506662,24.99
1617,506663,54.82
1618,506664,42.64
1619,506667,42.34
1620,506670,57.07
1621,506671,37.39
1622,506672,40.05
1623,506673,38.37
1624,506682,108.34
1625,506684,60.99
1626,506686,49.83
1627,506699,185.38
1628,506700,179.11
1629,506702,37.67
1630,506706,62.46
1631,506708,40.42
1632,506710,26.94
1633,506712,47.69
1634,506713,32.15
1635,506716,177.1
1636,506717,36.18
1637,506718,89.16
1638,506725,57.34
1639,506726,40.91
1640,506728,81.29
1641,506730,66.37
1642,506733,39.61
1643,506740,74.21
1644,506744,121.48
1645,506745,30.76
1646,506750,30.56
1647,506751,28.23
1648,506760,100.43
1649,506763,28.68
1650,506765,78.13
1651,506766,73.44
1652,506780,47.71
1653,506782,73.28
1654,506787,26.19
1655,506788,46.3
1656,506791,45.01
1657,506793,57.65
1658,506795,59.57
1659,506797,99.13
1660,506798,30.42
1661,506804,60.37
1662,506808,82.15
1663,506811,78.6
1664,506816,33.02
1665,506817,36.01
1666,506824,30.67
1667,506825,18.57
1668,506826,37.43
1669,506836,25.73
1670,506848,42.1
1671,506854,30.81
1672,506857,13.0
1673,506859,59.68
1674,506866,55.31
1675,506867,50.76
1676,506879,115.26
1677,506881,95.25
1678,506885,31.34
1679,506887,53.84
1680,506889,88.79
1681,506895,24.6
1682,506897,50.53
1683,506906,27.04
1684,506907,37.36
1685,506912,34.8
1686,506921,57.26
1687,506926,45.97
1688,506928,54.05
1689,506933,93.24
1690,506938,40.37
1691,506939,18.29
1692,506946,48.14
1693,506947,32.13
1694,506954,27.86
1695,506957,24.64
1696,506959,30.32
1697,506965,51.82
1698,506971,20.2
1699,506972,39.53
1700,506975,40.75
1701,506976,92.89
1702,506977,54.58
1703,506979,56.45
1704,506981,99.54
1705,506982,48.45
1706,506985,53.47
1707,506986,94.98
1708,506989,58.81
1709,506990,29.97
1710,506991,56.86
1711,506997,65.63
1712,507001,33.56
1713,507004,32.72
1714,507006,51.76
1715,507016,19.58
1716,507017,34.01
1717,507019,40.33
1718,507021,39.24
1719,507023,42.8
1720,507025,73.1
1721,507031,24.42
1722,507037,43.33
1723,507048,58.76
1724,507049,43.01
1725,507054,24.13
1726,507056,32.61
1727,507058,41.16
1728,507065,25.18
1729,507071,42.99
1730,507076,25.61
1731,507085,30.1
1732,507090,29.94
1733,507095,66.35
1734,507096,32.13
1735,507106,78.93
1736,507109,24.55
1737,507114,34.35
1738,507118,45.03
1739,507120,35.67
1740,507127,19.35
1741,507129,106.16
1742,507130,32.31
1743,507140,18.57
1744,507142,56.66
1745,507143,25.42
1746,507145,54.61
1747,507146,81.81
1748,507153,79.29
1749,507157,45.31
1750,507163,34.03
1751,507171,48.37
1752,507174,48.78
1753,507180,18.74
1754,507183,49.39
1755,507184,37.65
1756,507194,24.28
1757,507209,42.79
1758,507210,107.75
1759,507211,50.27
1760,507213,31.3
1761,507218,38.51
1762,507220,19.07
1763,507221,43.79
1764,507224,70.76
1765,507229,59.49
1766,507230,39.44
1767,507231,68.89
1768,507235,110.37
1769,507238,42.17
1770,507240,42.23
1771,507242,67.1
1772,507252,87.13
1773,507254,74.87
1774,507261,48.6
1775,507273,19.52
1776,507274,69.97
1777,507281,36.72
1778,507285,108.76
1779,507289,39.15
1780,507291,117.64
1781,507292,67.94
1782,507297,23.99
1783,507299,30.8
1784,507303,118.08
1785,507305,18.24
1786,507308,51.44
1787,507309,41.77
1788,507311,16.92
1789,507317,35.46
1790,507327,68.56
1791,507328,29.27
1792,507330,73.14
1793,507333,54.47
1794,507335,66.24
1795,507339,69.51
1796,507345,50.19
1797,507346,52.28
1798,507350,59.41
1799,507355,34.08
1800,507363,45.77
1801,507364,28.39
1802,507372,16.68
1803,507379,100.2
1804,507381,30.16
1805,507389,50.45
1806,507390,89.57
1807,507397,27.92
1808,507398,27.99
1809,507399,100.03
1810,507402,59.58
1811,507407,90.67
1812,507419,44.66
1813,507422,65.26
1814,507424,82.1
1815,507427,48.51
1816,507428,41.06
1817,507434,19.82
1818,507437,105.69
1819,507441,102.94
1820,507450,35.75
1821,507451,21.63
1822,507457,73.52
1823,507463,249.95
1824,507467,53.25
1825,507474,31.22
1826,507481,46.13
1827,507487,72.22
1828,507492,45.86
1829,507509,72.69
1830,507516,63.62
1831,507530,32.3
1832,507535,95.43
1833,507539,38.78
1834,507541,59.59
1835,507547,48.44
1836,507558,79.87
1837,507567,50.95
1838,507573,77.7
1839,507580,37.47
1840,507582,59.89
1841,507586,62.55
1842,507608,121.5
1843,507611,72.53
1844,507612,38.02
1845,507617,25.04
1846,507634,57.37
1847,507637,20.03
1848,507641,35.83
1849,507642,106.45
1850,507646,62.24
1851,507656,50.55
1852,507659,106.65
1853,507660,41.24
1854,507665,51.44
1855,507673,91.33
1856,507677,76.19
1857,507681,41.87
1858,507683,54.38
1859,507688,51.2
1860,507691,40.23
1861,507696,91.16
1862,507699,43.55
1863,507705,30.17
1864,507706,45.18
1865,507709,131.75
1866,507711,16.14
1867,507712,89.44
1868,507714,30.88
1869,507716,25.46
1870,507722,46.91
1871,507727,29.41
1872,507728,95.62
1873,507734,45.97
1874,507738,45.29
1875,507741,56.37
1876,507748,31.32
1877,507750,50.86
1878,507751,48.78
1879,507754,54.24
1880,507757,43.59
1881,507766,89.73
1882,507771,41.53
1883,507772,37.19
1884,507773,175.16
1885,507776,39.03
1886,507777,56.66
1887,507779,41.2
1888,507780,67.78
1889,507782,61.2
1890,507789,67.27
1891,507790,46.21
1892,507791,56.86
1893,507793,61.51
1894,507802,80.0
1895,507804,88.27
1896,507806,33.97
1897,507809,33.21
1898,507811,55.3
1899,507812,46.01
1900,507813,39.6
1901,507815,59.24
1902,507816,21.45
1903,507822,36.76
1904,507827,52.77
1905,507835,38.99
1906,507837,31.62
1907,507840,60.87
1908,507842,42.89
1909,507845,23.39
1910,507849,64.9
1911,507852,37.79
1912,507855,25.1
1913,507857,85.07
1914,507859,19.44
1915,507860,58.54
1916,507863,62.35
1917,507871,19.31
1918,507887,44.89
1919,507890,25.34
1920,507892,51.86
1921,507894,67.26
1922,507901,74.51
1923,507908,27.31
1924,507912,61.44
1925,507914,73.72
1926,507915,44.53
1927,507924,35.15
1928,507926,96.02
1929,507940,63.88
1930,507952,21.73
1931,507957,103.22
1932,507972,43.58
1933,507976,70.93
1934,507978,69.2
1935,507990,37.1
1936,507998,65.38
1937,508004,35.11
1938,508006,121.24
1939,508007,51.59
1940,508008,59.48
1941,508009,37.34
1942,508011,77.99
1943,508018,63.59
1944,508025,50.68
1945,508028,118.53
1946,508032,40.24
1947,508038,44.74
1948,508046,64.99
1949,508048,79.27
1950,508049,86.14
1951,508051,50.2
1952,508055,23.68
1953,508063,65.57
1954,508066,66.82
1955,508068,63.92
1956,508074,64.34
1957,508081,47.08
1958,508086,46.69
1959,508097,36.09
1960,508098,72.22
1961,508099,17.69
1962,508104,33.97
1963,508113,93.2
1964,508114,53.04
1965,508117,38.72
1966,508126,98.53
1967,508129,109.18
1968,508132,14.39
1969,508137,34.45
1970,508139,22.26
1971,508146,27.78
1972,508153,161.67
1973,508157,93.02
1974,508161,67.83
1975,508163,44.8
1976,508164,143.32
1977,508166,73.24
1978,508169,20.01
1979,508176,76.85
1980,508179,54.35
1981,508180,107.76
1982,508183,127.99
1983,508184,51.82
1984,508185,15.86
1985,508187,77.98
1986,508189,72.25
1987,508190,52.71
1988,508192,51.82
1989,508199,138.05
1990,508201,49.43
1991,508209,51.6
1992,508212,47.74
1993,508217,84.77
1994,508228,62.81
1995,508234,31.98
1996,508235,53.8
1997,508240,104.57
1998,508260,37.7
1999,508267,27.34
2000,508270,39.22
2001,508275,72.1
2002,508279,54.93
2003,508280,36.99
2004,508288,58.72
2005,508290,49.38
2006,508307,88.6
2007,508309,71.84
2008,508315,30.28
2009,508318,54.68
2010,508319,30.85
2011,508320,61.84
2012,508321,28.25
2013,508322,13.25
2014,508326,143.85
2015,508327,45.68
2016,508336,45.29
2017,508343,35.37
2018,508345,26.34
2019,508352,60.53
2020,508355,19.79
2021,508360,64.63
2022,508366,58.18
2023,508374,45.05
2024,508376,46.72
2025,508382,32.82
2026,508383,20.75
2027,508386,100.31
2028,508393,61.05
2029,508396,43.96
2030,508398,68.3
2031,508399,31.79
2032,508413,31.95
2033,508416,32.57
2034,508420,44.55
2035,508421,50.12
2036,508422,48.99
2037,508426,36.56
2038,508428,18.11
2039,508433,32.45
2040,508434,108.13
2041,508441,102.23
2042,508448,64.86
2043,508452,79.66
2044,508464,148.48
2045,508477,33.4
2046,508478,53.61
2047,508481,165.59
2048,508482,28.43
2049,508485,84.1
2050,508489,79.83
2051,508492,70.65
2052,508494,21.83
2053,508501,108.48
2054,508502,33.0
2055,508505,40.4
2056,508506,19.63
2057,508517,51.65
2058,508519,18.13
2059,508520,40.31
2060,508523,99.07
2061,508532,60.08
2062,508533,18.94
2063,508534,61.81
2064,508535,89.2
2065,508540,50.24
2066,508547,58.53
2067,508557,19.08
2068,508560,59.36
2069,508566,41.05
2070,508567,77.34
2071,508571,97.05
2072,508572,34.64
2073,508578,66.81
2074,508587,61.62
2075,508592,95.65
2076,508594,94.99
2077,508601,36.86
2078,508616,46.31
2079,508618,29.31
2080,508620,81.68
2081,508624,75.81
2082,508629,33.0
2083,508632,23.41
2084,508643,102.46
2085,508644,41.61
2086,508662,45.82
2087,508663,81.44
2088,508664,24.38
2089,508677,108.27
2090,508681,23.16
2091,508687,84.68
2092,508690,29.77
2093,508714,63.18
2094,508719,53.01
2095,508721,46.48
2096,508730,84.41
2097,508734,55.69
2098,508736,44.45
2099,508738,66.24
2100,508741,57.22
2101,508743,38.21
2102,508746,105.55
2103,508751,28.39
2104,508752,58.0
2105,508754,81.56
2106,508755,114.04
2107,508757,48.9
2108,508758,65.67
2109,508760,33.12
2110,508764,175.21
2111,508766,30.21
2112,508772,108.03
2113,508784,156.23
2114,508785,41.34
2115,508791,29.28
2116,508792,56.54
2117,508793,50.93
2118,508796,35.21
2119,508800,35.12
2120,508806,25.89
2121,508811,32.86
2122,508815,34.48
2123,508819,62.19
2124,508820,59.71
2125,508831,48.45
2126,508838,46.6
2127,508847,22.9
2128,508849,74.39
2129,508850,57.29
2130,508852,50.02
2131,508859,38.18
2132,508864,52.96
2133,508866,43.42
2134,508872,69.73
2135,508882,24.07
2136,508889,19.93
2137,508894,47.37
2138,508895,22.19
2139,508902,48.71
2140,508904,61.53
2141,508919,77.36
2142,508924,48.28
2143,508931,107.83
2144,508933,81.1
2145,508934,36.42
2146,508936,47.48
2147,508939,58.37
2148,508944,40.71
2149,508946,22.11
2150,508951,106.51
2151,508954,87.5
2152,508967,78.13
2153,508971,48.06
2154,508973,44.18
2155,508975,26.83
2156,508976,49.45
2157,508982,115.37
2158,508984,49.62
2159,508989,78.31
2160,508991,48.08
2161,508994,48.86
2162,508995,26.5
2163,509007,32.33
2164,509014,19.35
2165,509021,60.93
2166,509025,41.09
2167,509029,57.28
2168,509030,74.9
2169,509032,35.69
2170,509036,26.62
2171,509037,24.49
2172,509042,61.52
2173,509048,79.03
2174,509050,55.42
2175,509054,39.07
2176,509056,50.5
2177,509071,20.85
2178,509074,35.05
2179,509075,92.05
2180,509076,27.71
2181,509078,65.72
2182,509079,57.64
2183,509081,42.57
2184,509089,33.21
2185,509094,58.99
2186,509098,48.52
2187,509100,28.51
2188,509116,110.7
2189,509131,34.31
2190,509133,29.57
2191,509139,45.68
2192,509140,30.93
2193,509142,68.98
2194,509151,37.24
2195,509156,31.35
2196,509161,81.99
2197,509166,44.3
2198,509168,43.04
2199,509170,65.37
2200,509171,34.82
2201,509172,82.11
2202,509175,36.95
2203,509178,41.45
2204,509181,44.77
2205,509186,48.08
2206,509190,67.15
2207,509192,15.33
2208,509198,66.89
2209,509207,54.26
2210,509210,79.37
2211,509212,91.58
2212,509213,27.14
2213,509214,38.64
2214,509230,65.46
2215,509236,71.96
2216,509241,40.56
2217,509242,94.4
2218,509244,71.69
2219,509245,47.14
2220,509249,31.46
2221,509250,20.25
2222,509269,43.78
2223,509277,33.39
2224,509285,109.65
2225,509288,14.44
2226,509292,72.38
2227,509297,41.19
2228,509301,21.02
2229,509304,39.2
2230,509310,36.49
2231,509317,78.02
2232,509319,31.62
2233,509321,49.17
2234,509324,112.91
2235,509328,61.56
2236,509330,17.27
2237,509338,70.05
2238,509344,89.26
2239,509345,29.4
2240,509354,26.87
2241,509364,43.87
2242,509365,60.89
2243,509366,51.25
2244,509368,109.56
2245,509379,97.55
2246,509380,37.71
2247,509391,45.43
2248,509392,24.34
2249,509393,55.8
2250,509394,43.83
2251,509400,36.12
2252,509406,47.85
2253,509409,129.07
2254,509412,126.7
2255,509413,31.88
2256,509416,64.72
2257,509420,42.74
2258,509422,43.48
2259,509424,33.02
2260,509425,46.05
2261,509428,138.5
2262,509432,76.06
2263,509433,34.29
2264,509434,63.95
2265,509437,19.45
2266,509440,75.12
2267,509444,57.88
2268,509445,83.6
2269,509446,47.75
2270,509449,140.99
2271,509462,30.45
2272,509463,34.99
2273,509467,26.62
2274,509473,37.61
2275,509476,103.28
2276,509477,64.47
2277,509478,65.23
2278,509482,56.31
2279,509489,43.16
2280,509496,21.33
2281,509499,73.65
2282,509501,128.3
2283,509503,53.73
2284,509504,29.67
2285,509506,137.59
2286,509507,30.59
2287,509508,98.35
2288,509517,23.22
2289,509521,52.09
2290,509528,75.53
2291,509535,125.79
2292,509536,24.88
2293,509541,31.32
2294,509542,70.03
2295,509543,56.51
2296,509545,41.92
2297,509560,41.02
2298,509563,40.49
2299,509566,18.17
2300,509572,73.47
2301,509574,27.42
2302,509575,34.66
2303,509582,113.61
2304,509583,20.61
2305,509590,44.42
2306,509591,137.68
2307,509596,81.77
2308,509603,23.78
2309,509607,32.09
2310,509615,31.85
2311,509620,15.73
2312,509623,62.92
2313,509631,142.91
2314,509632,29.69
2315,509644,35.24
2316,509647,29.6
2317,509648,40.73
2318,509650,49.48
2319,509659,143.21
2320,509663,185.16
2321,509668,30.78
2322,509671,26.38
2323,509672,62.99
2324,509673,25.3
2325,509682,30.51
2326,509683,29.08
2327,509685,53.33
2328,509688,37.08
2329,509693,55.71
2330,509695,87.37
2331,509700,89.93
2332,509705,30.5
2333,509706,39.78
2334,509710,37.7
2335,509717,23.57
2336,509720,113.28
2337,509723,76.98
2338,509725,45.85
2339,509726,130.67
2340,509731,98.67
2341,509735,35.2
2342,509743,49.38
2343,509744,61.33
2344,509745,19.18
2345,509747,61.31
2346,509748,12.54
2347,509752,155.36
2348,509755,20.52
2349,509758,54.36
2350,509765,68.27
2351,509770,34.85
2352,509771,34.05
2353,509773,68.74
2354,509775,97.83
2355,509776,38.69
2356,509780,40.09
2357,509786,57.85
2358,509789,87.69
2359,509790,72.95
2360,509792,16.12
2361,509793,73.88
2362,509795,63.04
2363,509796,44.66
2364,509798,75.2
2365,509801,57.13
2366,509802,55.25
2367,509803,51.4
2368,509804,45.27
2369,509811,96.18
2370,509819,41.19
2371,509829,87.5
2372,509835,64.46
2373,509836,33.11
2374,509838,49.91
2375,509841,93.65
2376,509845,84.6
2377,509848,34.59
2378,509849,42.91
2379,509854,50.38
2380,509855,41.89
2381,509857,30.56
2382,509860,37.99
2383,509861,40.75
2384,509862,27.08
2385,509866,63.54
2386,509867,60.81
2387,509869,36.99
2388,509870,21.23
2389,509874,64.36
2390,509875,31.69
2391,509876,62.26
2392,509885,60.78
2393,509886,67.26
2394,509890,36.64
2395,509897,83.31
2396,509898,49.59
2397,509906,38.74
2398,509907,46.14
2399,509908,33.9
2400,509911,54.02
2401,509916,31.59
2402,509919,21.19
2403,509921,41.56
2404,509931,47.08
2405,509935,60.98
2406,509942,43.23
2407,509943,43.59
2408,509952,28.99
2409,509956,64.32
2410,509958,66.84
2411,509962,38.72
2412,509963,35.07
2413,509964,62.13
2414,509968,32.08
2415,509972,84.02
2416,509974,123.23
2417,509977,54.24
2418,509981,78.75
2419,509983,166.91
2420,509991,40.66
2421,509996,71.21
2422,510006,51.66
2423,510014,40.77
2424,510022,20.93
2425,510023,97.29
2426,510026,24.44
2427,510031,29.68
2428,510036,31.75
2429,510044,119.92
2430,510046,46.29
2431,510048,46.79
2432,510051,124.56
2433,510054,48.73
2434,510055,31.33
2435,510057,121.44
2436,510059,42.22
2437,510063,86.15
2438,510070,31.91
2439,510072,54.36
2440,510087,53.1
2441,510088,66.13
2442,510090,105.36
2443,510095,31.76
2444,510101,32.33
2445,510102,53.72
2446,510104,27.88
2447,510105,57.45
2448,510108,26.88
2449,510110,51.16
2450,510112,28.59
2451,510113,37.08
2452,510116,31.87
2453,510120,14.22
2454,510122,76.54
2455,510128,62.63
2456,510129,29.17
2457,510130,38.17
2458,510131,25.02
2459,510136,52.62
2460,510137,53.69
2461,510139,139.06
2462,510141,63.62
2463,510143,26.08
2464,510144,87.46
2465,510146,26.15
2466,510150,94.66
2467,510152,50.39
2468,510153,88.7
2469,510154,47.54
2470,510159,40.01
2471,510161,32.87
2472,510169,32.86
2473,510170,99.28
2474,510173,43.15
2475,510176,26.84
2476,510179,55.61
2477,510187,88.02
2478,510188,62.16
2479,510191,45.5
2480,510192,52.38
2481,510193,88.06
2482,510195,16.42
2483,510196,76.89
2484,510198,40.24
2485,510201,67.77
2486,510205,75.73
2487,510207,30.59
2488,510217,46.56
2489,510220,104.87
2490,510223,95.15
2491,510225,64.54
2492,510227,104.97
2493,510228,110.5
2494,510235,28.42
2495,510238,71.45
2496,510240,77.79
2497,510244,79.52
2498,510245,72.84
2499,510246,30.9
2500,510253,70.2
2501,510257,50.86
2502,510258,27.3
2503,510260,26.64
2504,510264,31.11
2505,510272,77.41
2506,510274,32.12
2507,510275,76.23
2508,510280,45.28
2509,510289,73.14
2510,510290,57.26
2511,510294,31.76
2512,510307,56.78
2513,510315,58.44
2514,510317,136.86
2515,510324,110.78
2516,510335,18.58
2517,510341,68.83
2518,510353,82.55
2519,510354,25.62
2520,510357,81.4
2521,510361,51.22
2522,510366,53.27
2523,510373,16.32
2524,510376,104.29
2525,510381,63.86
2526,510382,78.59
2527,510389,65.3
2528,510390,72.91
2529,510396,91.15
2530,510402,33.39
2531,510405,36.24
2532,510407,32.01
2533,510411,51.26
2534,510426,58.34
2535,510431,73.95
2536,510432,108.09
2537,510435,49.6
2538,510443,40.94
2539,510444,54.97
2540,510449,51.37
2541,510450,35.27
2542,510454,49.79
2543,510458,89.96
2544,510459,116.79
2545,510460,43.73
2546,510466,56.11
2547,510471,48.64
2548,510473,81.71
2549,510481,25.15
2550,510483,87.25
2551,510487,68.71
2552,510490,53.17
2553,510498,43.01
2554,510508,44.03
2555,510509,41.46
2556,510515,14.71
2557,510521,91.42
2558,510527,32.65
2559,510530,137.65
2560,510531,109.18
2561,510533,105.66
2562,510537,88.99
2563,510539,40.27
2564,510542,24.44
2565,510544,28.0
2566,510549,73.85
2567,510551,54.72
2568,510552,59.62
2569,510555,48.91
2570,510560,24.46
2571,510563,45.22
2572,510564,35.57
2573,510565,44.76
2574,510566,20.18
2575,510572,53.93
2576,510586,67.64
2577,510588,68.35
2578,510590,47.56
2579,510603,48.38
2580,510604,79.05
2581,510605,12.37
2582,510608,88.67
2583,510610,111.66
2584,510611,112.77
2585,510613,53.97
2586,510618,76.37
2587,510626,38.39
2588,510629,29.28
2589,510638,53.81
2590,510641,47.21
2591,510644,99.78
2592,510646,72.17
2593,510648,79.42
2594,510652,21.45
2595,510653,58.22
2596,510654,50.54
2597,510661,24.94
2598,510663,55.22
2599,510664,103.82
2600,510666,68.64
2601,510668,51.53
2602,510670,33.93
2603,510674,114.83
2604,510675,16.27
2605,510676,57.68
2606,510678,96.49
2607,510683,52.36
2608,510686,52.84
2609,510691,34.47
2610,510704,75.41
2611,510709,32.73
2612,510713,28.16
2613,510715,26.97
2614,510717,130.49
2615,510719,34.66
2616,510720,63.55
2617,510722,109.72
2618,510723,27.26
2619,510726,44.68
2620,510727,33.86
2621,510736,32.4
2622,510743,72.51
2623,510744,36.46
2624,510745,61.32
2625,510747,55.66
2626,510751,56.73
2627,510753,110.23
2628,510755,28.65
2629,510759,31.62
2630,510761,43.07
2631,510764,53.07
2632,510767,60.46
2633,510769,95.32
2634,510772,100.56
2635,510780,82.43
2636,510788,44.55
2637,510796,35.83
2638,510803,30.55
2639,510809,49.33
2640,510819,21.94
2641,510821,66.55
2642,510825,40.07
2643,510828,31.34
2644,510839,25.18
2645,510840,27.6
2646,510844,67.39
2647,510847,30.85
2648,510852,24.66
2649,510854,82.66
2650,510867,28.75
2651,510871,23.55
2652,510873,52.27
2653,510876,42.29
2654,510881,48.61
2655,510884,34.57
2656,510887,94.87
2657,510888,25.95
2658,510895,44.22
2659,510896,121.2
2660,510904,99.25
2661,510915,67.05
2662,510919,86.18
2663,510921,34.4
2664,510922,61.72
2665,510923,63.96
2666,510926,89.65
2667,510946,38.09
2668,510950,45.61
2669,510960,36.04
2670,510967,92.78
2671,510979,25.49
2672,510981,57.68
2673,510988,50.48
2674,510990,24.19
2675,510996,42.03
2676,510999,22.43
2677,511010,58.79
2678,511015,41.6
2679,511019,21.7
2680,511023,41.78
2681,511037,102.76
2682,511046,60.34
2683,511057,137.31
2684,511058,57.58
2685,511062,163.46
2686,511067,20.45
2687,511071,67.03
2688,511076,36.28
2689,511079,156.95
2690,511086,24.19
2691,511094,56.65
2692,511096,33.83
2693,511098,79.85
2694,511108,117.09
2695,511115,43.12
2696,511120,21.79
2697,511121,44.0
2698,511129,28.76
2699,511135,65.44
2700,511137,12.86
2701,511142,66.4
2702,511147,45.16
2703,511163,43.77
2704,511167,28.36
2705,511168,26.61
2706,511169,65.2
2707,511170,42.6
2708,511172,22.23
2709,511176,28.35
2710,511183,47.24
2711,511195,41.18
2712,511196,71.19
2713,511197,108.22
2714,511198,87.4
2715,511207,77.49
2716,511209,40.43
2717,511212,54.08
2718,511213,42.57
2719,511220,55.41
2720,511224,41.23
2721,511237,40.83
2722,511240,84.38
2723,511245,28.81
2724,511247,76.08
2725,511250,112.89
2726,511252,27.13
2727,511257,36.9
2728,511258,19.26
2729,511269,113.54
2730,511270,37.15
2731,511271,83.51
2732,511272,17.91
2733,511273,76.13
2734,511278,73.71
2735,511281,26.64
2736,511284,49.3
2737,511285,31.41
2738,511293,33.95
2739,511298,64.54
2740,511306,58.31
2741,511311,77.23
2742,511318,42.52
2743,511321,26.63
2744,511322,72.24
2745,511323,37.04
2746,511325,50.24
2747,511331,18.61
2748,511333,90.9
2749,511335,92.45
2750,511348,34.2
2751,511351,22.93
2752,511358,36.79
2753,511359,59.28
2754,511360,140.64
2755,511363,77.88
2756,511370,54.4
2757,511374,82.31
2758,511383,25.82
2759,511389,23.86
2760,511394,42.21
2761,511396,34.31
2762,511398,126.88
2763,511399,118.11
2764,511400,43.5
2765,511404,44.9
2766,511411,19.55
2767,511413,85.08
2768,511417,54.9
2769,511430,23.23
2770,511431,73.43
2771,511432,24.18
2772,511433,23.72
2773,511434,55.11
2774,511442,42.02
2775,511443,51.79
2776,511445,17.97
2777,511446,37.62
2778,511455,77.76
2779,511456,81.23
2780,511459,44.6
2781,511464,93.14
2782,511469,18.4
2783,511472,85.37
2784,511475,79.39
2785,511481,22.03
2786,511483,47.88
2787,511485,76.81
2788,511491,106.33
2789,511493,104.41
2790,511496,52.56
2791,511498,25.49
2792,511504,80.97
2793,511511,30.97
2794,511520,47.86
2795,511522,95.92
2796,511527,21.9
2797,511528,41.56
2798,511532,64.19
2799,511534,88.13
2800,511535,52.14
2801,511539,72.72
2802,511547,34.71
2803,511556,69.99
2804,511567,116.35
2805,511569,77.76
2806,511573,65.37
2807,511581,69.39
2808,511586,44.77
2809,511587,174.56
2810,511588,23.6
2811,511590,56.09
2812,511591,73.85
2813,511592,67.05
2814,511597,34.42
2815,511598,22.96
2816,511611,66.46
2817,511612,42.97
2818,511613,40.73
2819,511614,79.47
2820,511618,56.62
2821,511630,27.77
2822,511631,29.43
2823,511634,34.45
2824,511635,54.4
2825,511636,94.49
2826,511638,42.83
2827,511649,103.52
2828,511655,77.17
2829,511670,33.77
2830,511673,64.57
2831,511687,42.47
2832,511690,49.14
2833,511694,53.05
2834,511696,81.04
2835,511697,99.74
2836,511699,44.76
2837,511702,46.12
2838,511710,34.48
2839,511726,41.63
2840,511727,39.88
2841,511728,18.47
2842,511733,53.07
2843,511735,35.39
2844,511739,122.79
2845,511740,68.53
2846,511743,48.42
2847,511744,73.53
2848,511746,32.52
2849,511747,119.45
2850,511750,108.23
2851,511751,17.62
2852,511757,55.51
2853,511760,58.6
2854,511762,140.09
2855,511763,34.87
2856,511769,58.89
2857,511770,16.81
2858,511774,41.85
2859,511775,28.79
2860,511776,66.2
2861,511780,65.17
2862,511786,78.03
2863,511787,94.9
2864,511793,54.93
2865,511794,38.13
2866,511797,38.42
2867,511805,89.45
2868,511806,98.52
2869,511808,29.3
2870,511813,62.71
2871,511818,52.26
2872,511829,55.13
2873,511831,65.14
2874,511834,34.72
2875,511835,61.12
2876,511840,82.08
2877,511841,50.25
2878,511844,43.28
2879,511849,53.3
2880,511852,27.15
2881,511856,39.87
2882,511860,50.76
2883,511863,37.41
2884,511866,24.04
2885,511869,48.05
2886,511872,28.86
2887,511875,29.92
2888,511876,43.69
2889,511884,78.67
2890,511888,77.89
2891,511889,62.94
2892,511896,31.33
2893,511897,35.97
2894,511899,108.15
2895,511904,182.35
2896,511906,82.35
2897,511908,46.25
2898,511910,53.35
2899,511912,23.39
2900,511920,17.82
2901,511925,44.97
2902,511931,40.08
2903,511933,47.31
2904,511936,56.88
2905,511938,97.9
2906,511947,75.58
2907,511948,59.0
2908,511952,65.21
2909,511955,73.69
2910,511965,24.83
2911,511966,32.87
2912,511974,58.67
2913,511976,213.35
2914,511982,41.55
2915,511991,60.26
2916,511999,78.08
2917,512003,51.4
2918,512005,45.86
2919,512017,90.78
2920,512024,78.99
2921,512025,24.8
2922,512028,33.07
2923,512037,36.76
2924,512038,31.16
2925,512043,56.68
2926,512044,34.65
2927,512047,49.48
2928,512057,62.41
2929,512058,92.39
2930,512060,29.98
2931,512061,31.4
2932,512068,65.98
2933,512073,88.11
2934,512079,22.02
2935,512081,48.71
2936,512084,19.98
2937,512087,34.01
2938,512095,142.96
2939,512096,54.97
2940,512106,69.61
2941,512107,45.27
2942,512114,66.5
2943,512117,47.25
2944,512119,64.84
2945,512128,30.67
2946,512129,74.63
2947,512130,60.15
2948,512133,65.79
2949,512134,29.3
2950,512137,80.49
2951,512146,96.83
2952,512148,50.26
2953,512152,16.55
2954,512157,34.75
2955,512161,68.5
2956,512166,40.89
2957,512171,113.5
2958,512174,81.0
2959,512175,52.53
2960,512181,27.64
2961,512182,42.59
2962,512189,61.13
2963,512195,11.92
2964,512196,24.94
2965,512197,110.33
2966,512199,39.13
2967,512204,33.62
2968,512213,35.39
2969,512214,140.15
2970,512218,54.89
2971,512221,68.97
2972,512223,45.26
2973,512229,48.8
2974,512230,72.55
2975,512231,23.57
2976,512235,64.19
2977,512238,39.06
2978,512239,48.15
2979,512242,69.03
2980,512244,102.79
2981,512245,45.79
2982,512249,22.92
2983,512251,72.7
2984,512259,57.03
2985,512261,28.98
2986,512263,57.61
2987,512267,52.59
2988,512272,38.8
2989,512277,56.73
2990,512284,39.0
2991,512289,28.43
2992,512294,37.27
2993,512304,50.92
2994,512305,61.14
2995,512312,64.76
2996,512314,66.78
2997,512317,61.07
2998,512321,48.45
2999,512327,28.93
3000,512328,47.3
3001,512329,120.83
3002,512333,101.68
3003,512335,63.74
3004,512338,21.42
3005,512339,81.3
3006,512342,46.31
3007,512346,84.99
3008,512347,116.33
3009,512350,30.42
3010,512353,26.38
3011,512356,130.6
3012,512361,40.78
3013,512367,97.75
3014,512371,86.86
3015,512372,58.89
3016,512377,55.6
3017,512380,20.24
3018,512382,113.83
3019,512388,93.89
3020,512390,94.16
3021,512393,43.4
3022,512394,32.96
3023,512397,34.9
3024,512403,24.44
3025,512405,45.68
3026,512409,87.63
3027,512418,25.1
3028,512424,89.86
3029,512438,55.42
3030,512448,53.24
3031,512450,49.19
3032,512457,36.85
3033,512458,73.39
3034,512461,114.3
3035,512462,53.05
3036,512467,58.08
3037,512469,47.2
3038,512470,25.36
3039,512485,9.54
3040,512493,74.12
3041,512494,45.34
3042,512500,69.66
3043,512502,56.99
3044,512503,34.5
3045,512511,65.64
3046,512513,32.59
3047,512515,54.51
3048,512516,35.96
3049,512520,58.13
3050,512526,56.8
3051,512528,50.52
3052,512529,25.66
3053,512534,83.52
3054,512536,24.93
3055,512542,62.49
3056,512544,107.82
3057,512545,39.65
3058,512547,17.37
3059,512549,58.44
3060,512550,47.76
3061,512558,102.31
3062,512564,23.35
3063,512571,89.83
3064,512572,44.25
3065,512575,92.72
3066,512577,35.16
3067,512581,45.56
3068,512587,29.6
3069,512597,36.27
3070,512601,42.6
3071,512604,289.72
3072,512605,23.27
3073,512607,169.94
3074,512619,32.9
3075,512622,45.14
3076,512629,18.57
3077,512634,47.34
3078,512639,62.77
3079,512642,99.97
3080,512648,108.88
3081,512652,80.26
3082,512655,38.0
3083,512659,74.85
3084,512665,41.77
3085,512666,42.95
3086,512679,88.79
3087,512681,51.34
3088,512701,50.21
3089,512704,37.43
3090,512706,76.48
3091,512710,45.18
3092,512713,17.64
3093,512722,65.32
3094,512725,35.28
3095,512729,68.79
3096,512732,57.43
3097,512738,44.39
3098,512740,84.37
3099,512747,37.23
3100,512760,37.59
3101,512763,42.69
3102,512764,35.61
3103,512766,106.81
3104,512767,53.05
3105,512773,29.96
3106,512776,78.59
3107,512779,27.36
3108,512781,168.81
3109,512782,48.37
3110,512783,65.71
3111,512784,36.63
3112,512787,165.4
3113,512790,36.05
3114,512797,39.01
3115,512800,78.19
3116,512811,37.5
3117,512813,56.44
3118,512814,26.96
3119,512816,89.04
3120,512823,47.76
3121,512824,49.77
3122,512825,59.24
3123,512830,36.15
3124,512831,78.93
3125,512840,48.84
3126,512842,64.08
3127,512844,45.28
3128,512847,43.97
3129,512850,85.29
3130,512851,78.71
3131,512858,62.32
3132,512867,59.5
3133,512868,63.64
3134,512874,49.46
3135,512879,78.3
3136,512882,92.5
3137,512883,38.5
3138,512892,52.05
3139,512894,47.45
3140,512896,32.09
3141,512898,107.4
3142,512900,69.59
3143,512902,16.35
3144,512905,34.13
3145,512906,76.93
3146,512912,59.0
3147,512915,73.67
3148,512924,64.71
3149,512928,24.81
3150,512936,39.93
3151,512941,34.69
3152,512946,46.13
3153,512951,65.74
3154,512955,62.68
3155,512956,54.92
3156,512958,68.41
3157,512977,55.84
3158,512978,58.56
3159,512979,52.56
3160,512982,42.37
3161,512993,11.92
3162,512998,45.24
3163,513005,31.0
3164,513012,125.89
3165,513026,36.78
3166,513031,54.39
3167,513033,90.47
3168,513035,34.1
3169,513036,91.83
3170,513041,78.28
3171,513045,73.49
3172,513046,39.65
3173,513052,108.76
3174,513055,38.92
3175,513059,34.54
3176,513061,71.22
3177,513068,56.21
3178,513071,69.14
3179,513075,119.33
3180,513081,72.94
3181,513082,36.49
3182,513084,86.59
3183,513086,43.44
3184,513087,30.45
3185,513103,36.54
3186,513104,62.93
3187,513117,24.95
3188,513119,58.09
3189,513121,36.44
3190,513124,29.72
3191,513125,37.64
3192,513127,111.56
3193,513129,57.58
3194,513130,38.7
3195,513131,31.16
3196,513133,36.19
3197,513138,31.15
3198,513146,55.99
3199,513148,59.74
3200,513157,113.96
3201,513159,33.85
3202,513162,203.91
3203,513164,39.25
3204,513166,36.69
3205,513181,99.44
3206,513184,44.59
3207,513193,53.35
3208,513196,98.05
3209,513197,44.53
3210,513199,23.36
3211,513200,134.18
3212,513207,56.84
3213,513212,62.18
3214,513213,48.55
3215,513216,25.85
3216,513220,63.73
3217,513222,69.8
3218,513227,55.67
3219,513228,41.96
3220,513231,23.25
3221,513233,53.81
3222,513236,70.55
3223,513244,16.7
3224,513245,36.64
3225,513254,42.91
3226,513262,52.71
3227,513267,72.53
3228,513275,43.46
3229,513279,30.79
3230,513284,45.19
3231,513297,89.42
3232,513298,94.25
3233,513306,38.56
3234,513308,30.16
3235,513309,38.77
3236,513312,35.56
3237,513314,45.69
3238,513316,48.15
3239,513319,48.18
3240,513323,26.87
3241,513326,116.12
3242,513337,62.84
3243,513338,79.15
3244,513348,86.87
3245,513360,95.59
3246,513361,48.33
3247,513369,30.69
3248,513373,45.09
3249,513389,54.97
3250,513396,90.08
3251,513399,47.44
3252,513401,76.03
3253,513402,35.19
3254,513411,54.52
3255,513412,49.21
3256,513414,29.29
3257,513421,38.25
3258,513424,37.51
3259,513432,31.32
3260,513435,26.6
3261,513437,75.34
3262,513439,42.38
3263,513442,50.73
3264,513450,54.29
3265,513452,51.15
3266,513453,30.8
3267,513461,95.54
3268,513464,35.21
3269,513465,106.38
3270,513467,28.68
3271,513472,38.86
3272,513474,31.63
3273,513479,50.02
3274,513482,49.8
3275,513498,65.99
3276,513513,43.95
3277,513518,41.27
3278,513526,26.39
3279,513527,27.71
3280,513546,28.41
3281,513549,68.09
3282,513561,32.62
3283,513562,86.2
3284,513565,28.72
3285,513571,52.79
3286,513572,30.81
3287,513575,49.49
3288,513585,37.88
3289,513586,93.02
3290,513587,40.36
3291,513588,48.89
3292,513589,38.45
3293,513600,42.15
3294,513603,161.18
3295,513604,38.69
3296,513605,44.39
3297,513607,65.59
3298,513608,55.76
3299,513609,90.98
3300,513620,58.78
3301,513621,73.58
3302,513623,80.71
3303,513624,59.58
3304,513625,80.0
3305,513635,18.89
3306,513641,38.81
3307,513643,49.62
3308,513645,101.07
3309,513647,102.94
3310,513650,33.52
3311,513652,86.21
3312,513653,47.72
3313,513659,56.41
3314,513660,30.65
3315,513661,51.4
3316,513664,23.28
3317,513665,24.12
3318,513674,40.66
3319,513675,162.56
3320,513681,48.19
3321,513689,51.46
3322,513695,22.54
3323,513701,25.99
3324,513707,36.23
3325,513710,52.93
3326,513713,74.37
3327,513717,22.98
3328,513725,41.45
3329,513726,54.33
3330,513730,33.06
3331,513731,94.8
3332,513732,56.89
3333,513742,129.14
3334,513743,47.54
3335,513757,63.36
3336,513761,23.59
3337,513765,15.26
3338,513766,67.43
3339,513768,59.7
3340,513771,93.21
3341,513772,41.3
3342,513791,60.93
3343,513793,54.48
3344,513795,65.08
3345,513806,120.01
3346,513807,55.58
3347,513811,29.77
3348,513815,21.45
3349,513820,53.62
3350,513824,128.89
3351,513828,50.85
3352,513829,56.87
3353,513832,62.99
3354,513835,43.11
3355,513840,54.45
3356,513844,68.73
3357,513846,55.83
3358,513848,35.43
3359,513850,53.43
3360,513852,144.55
3361,513854,56.56
3362,513858,30.8
3363,513859,74.37
3364,513860,44.84
3365,513865,36.25
3366,513867,44.27
3367,513872,68.45
3368,513874,123.4
3369,513877,58.4
3370,513881,18.01
3371,513882,36.63
3372,513890,35.7
3373,513895,37.66
3374,513896,42.89
3375,513897,47.7
3376,513906,18.36
3377,513912,33.21
3378,513915,59.46
3379,513917,108.11
3380,513919,60.76
3381,513921,46.0
3382,513928,35.6
3383,513934,59.83
3384,513945,42.81
3385,513953,31.29
3386,513961,49.28
3387,513964,80.08
3388,513965,40.96
3389,513966,47.9
3390,513967,60.31
3391,513970,76.54
3392,513977,36.0
3393,513984,48.08
3394,513985,62.16
3395,513987,28.62
3396,513990,26.53
3397,513994,21.89
3398,513999,104.25
3399,514002,78.18
3400,514006,46.83
3401,514007,21.32
3402,514009,44.33
3403,514021,124.05
3404,514022,173.44
3405,514023,20.38
3406,514029,76.79
3407,514031,20.16
3408,514032,59.87
3409,514034,38.34
3410,514035,36.72
3411,514039,53.95
3412,514041,68.85
3413,514044,51.33
3414,514053,37.27
3415,514054,29.74
3416,514056,18.52
3417,514058,55.84
3418,514061,68.73
3419,514067,61.28
3420,514070,49.99
3421,514071,94.34
3422,514082,32.89
3423,514083,24.82
3424,514096,43.69
3425,514103,69.48
3426,514126,31.57
3427,514129,79.78
3428,514133,62.49
3429,514140,28.99
3430,514147,26.77
3431,514149,38.68
3432,514160,68.24
3433,514162,53.84
3434,514179,95.5
3435,514186,102.15
3436,514187,35.91
3437,514200,61.84
3438,514209,62.73
3439,514213,56.67
3440,514214,36.93
3441,514229,24.19
3442,514231,43.4
3443,514234,29.81
3444,514241,88.93
3445,514245,35.75
3446,514246,51.88
3447,514247,45.26
3448,514252,28.55
3449,514253,43.14
3450,514256,45.28
3451,514257,46.03
3452,514271,60.0
3453,514272,120.83
3454,514279,74.59
3455,514281,60.79
3456,514282,115.96
3457,514292,83.57
3458,514295,55.77
3459,514311,45.12
3460,514315,79.44
3461,514316,11.21
3462,514318,54.36
3463,514322,41.33
3464,514326,36.09
3465,514342,115.87
3466,514347,36.98
3467,514350,71.43
3468,514358,114.69
3469,514360,46.33
3470,514361,33.0
3471,514362,58.01
3472,514365,26.75
3473,514367,23.7
3474,514368,44.43
3475,514370,96.99
3476,514376,46.36
3477,514377,82.05
3478,514379,12.22
3479,514386,67.82
3480,514390,50.1
3481,514391,26.5
3482,514394,66.17
3483,514400,34.86
3484,514405,68.15
3485,514409,160.51
3486,514412,13.26
3487,514423,55.74
3488,514425,28.34
3489,514426,135.25
3490,514429,66.12
3491,514430,99.02
3492,514442,88.06
3493,514443,38.98
3494,514448,31.34
3495,514451,23.41
3496,514454,40.97
3497,514455,40.38
3498,514456,28.67
3499,514458,55.2
3500,514459,30.97
3501,514463,63.97
3502,514466,37.45
3503,514468,147.38
3504,514484,83.4
3505,514497,37.9
3506,514504,79.99
3507,514506,35.11
3508,514512,80.81
3509,514515,60.12
3510,514528,72.88
3511,514531,31.39
3512,514534,70.21
3513,514535,118.37
3514,514539,76.98
3515,514540,56.62
3516,514545,120.77
3517,514554,75.81
3518,514556,42.83
3519,514558,35.94
3520,514559,28.69
3521,514570,49.47
3522,514576,50.15
3523,514577,60.46
3524,514581,99.17
3525,514587,110.22
3526,514599,27.56
3527,514601,81.99
3528,514602,33.57
3529,514610,81.23
3530,514622,45.38
3531,514624,42.58
3532,514625,50.96
3533,514627,41.74
3534,514631,74.46
3535,514634,49.87
3536,514645,31.81
3537,514650,22.28
3538,514655,77.15
3539,514656,51.77
3540,514667,89.78
3541,514671,67.89
3542,514674,18.79
3543,514676,22.91
3544,514683,37.03
3545,514689,12.41
3546,514690,63.01
3547,514691,70.18
3548,514697,23.57
3549,514698,49.53
3550,514701,34.52
3551,514705,34.92
3552,514707,76.87
3553,514714,59.64
3554,514727,53.48
3555,514733,61.18
3556,514738,51.74
3557,514746,65.36
3558,514760,66.01
3559,514763,51.24
3560,514774,49.24
3561,514776,59.18
3562,514777,80.09
3563,514778,38.21
3564,514779,35.59
3565,514781,39.36
3566,514786,36.97
3567,514788,20.61
3568,514793,22.44
3569,514799,99.3
3570,514807,41.9
3571,514810,43.18
3572,514812,62.21
3573,514813,67.2
3574,514818,18.97
3575,514826,97.05
3576,514833,39.27
3577,514838,36.67
3578,514841,150.86
3579,514845,57.6
3580,514846,54.9
3581,514850,58.71
3582,514853,29.65
3583,514859,47.73
3584,514867,53.05
3585,514869,67.76
3586,514872,42.62
3587,514876,14.86
3588,514879,43.91
3589,514881,32.0
3590,514883,36.61
3591,514892,55.21
3592,514894,135.64
3593,514898,26.72
3594,514899,86.84
3595,514905,33.73
3596,514906,48.62
3597,514909,55.79
3598,514914,54.68
3599,514921,48.85
3600,514923,50.05
3601,514931,35.87
3602,514934,82.53
3603,514956,61.62
3604,514960,57.57
3605,514963,16.98
3606,514973,57.33
3607,514978,55.72
3608,514979,58.78
3609,514980,27.7
3610,514989,32.51
3611,514991,55.87
3612,514998,54.73
3613,515000,42.97
3614,515001,42.96
3615,515003,34.96
3616,515005,81.33
3617,515007,21.45
3618,515008,58.58
3619,515012,63.68
3620,515013,65.6
3621,515019,66.09
3622,515020,19.11
3623,515021,36.92
3624,515042,41.4
3625,515044,114.13
3626,515046,46.46
3627,515049,56.24
3628,515051,100.35
3629,515066,45.68
3630,515087,102.69
3631,515096,65.8
3632,515101,42.97
3633,515102,33.68
3634,515109,68.31
3635,515110,59.75
3636,515112,41.47
3637,515116,25.5
3638,515121,46.86
3639,515122,45.41
3640,515123,51.2
3641,515141,49.02
3642,515142,36.26
3643,515145,50.06
3644,515147,41.86
3645,515152,40.86
3646,515156,48.25
3647,515157,29.04
3648,515162,47.97
3649,515164,75.69
3650,515170,20.45
3651,515176,48.18
3652,515177,27.77
3653,515180,30.43
3654,515184,26.21
3655,515185,25.46
3656,515191,32.67
3657,515194,100.12
3658,515203,37.96
3659,515212,57.06
3660,515220,24.52
3661,515222,44.58
3662,515232,39.83
3663,515244,25.89
3664,515245,30.42
3665,515255,21.63
3666,515256,33.65
3667,515259,43.82
3668,515260,28.98
3669,515265,11.26
3670,515275,34.01
3671,515280,64.7
3672,515281,41.01
3673,515282,30.02
3674,515287,31.86
3675,515290,41.71
3676,515297,64.06
3677,515301,37.5
3678,515303,57.94
3679,515306,78.86
3680,515307,61.72
3681,515311,87.98
3682,515315,34.13
3683,515316,89.6
3684,515328,39.94
3685,515331,47.36
3686,515344,89.4
3687,515346,82.36
3688,515350,50.08
3689,515353,96.99
3690,515356,45.09
3691,515363,39.59
3692,515365,36.06
3693,515368,17.16
3694,515379,15.15
3695,515383,10.96
3696,515384,43.3
3697,515386,44.56
3698,515393,127.06
3699,515394,119.36
3700,515404,49.7
3701,515406,42.33
3702,515417,21.25
3703,515418,33.26
3704,515421,40.25
3705,515430,37.64
3706,515436,20.82
3707,515437,59.17
3708,515443,72.27
3709,515445,28.47
3710,515448,30.41
3711,515449,173.03
3712,515450,36.96
3713,515454,31.57
3714,515456,57.44
3715,515458,76.09
3716,515459,35.59
3717,515465,20.83
3718,515471,54.96
3719,515473,10.96
3720,515485,65.08
3721,515490,26.32
3722,515491,52.12
3723,515498,56.28
3724,515499,28.29
3725,515512,37.41
3726,515518,37.36
3727,515524,41.4
3728,515533,45.52
3729,515536,26.46
3730,515543,61.17
3731,515545,47.89
3732,515552,69.61
3733,515560,98.33
3734,515562,91.26
3735,515568,61.51
3736,515572,42.66
3737,515578,58.3
3738,515583,33.15
3739,515590,32.36
3740,515591,54.37
3741,515601,90.92
3742,515602,56.54
3743,515606,85.49
3744,515608,79.01
3745,515611,77.62
3746,515615,71.54
3747,515621,72.68
3748,515625,42.09
3749,515627,156.79
3750,515628,49.27
3751,515636,12.39
3752,515640,33.22
3753,515642,52.6
3754,515643,26.83
3755,515645,39.76
3756,515646,34.41
3757,515647,60.84
3758,515659,30.26
3759,515666,26.73
3760,515669,41.01
3761,515674,43.2
3762,515692,117.19
3763,515694,57.26
3764,515699,101.1
3765,515706,42.22
3766,515712,55.59
3767,515713,79.0
3768,515717,74.45
3769,515721,34.54
3770,515723,54.47
3771,515724,56.27
3772,515725,106.16
3773,515728,153.28
3774,515729,23.56
3775,515735,62.17
3776,515737,79.72
3777,515739,28.12
3778,515740,41.38
3779,515741,26.28
3780,515742,40.45
3781,515745,74.57
3782,515746,62.7
3783,515747,37.14
3784,515751,68.5
3785,515754,82.38
3786,515757,66.31
3787,515759,55.41
3788,515761,41.34
3789,515762,90.83
3790,515763,79.1
3791,515768,100.07
3792,515774,36.25
3793,515776,30.62
3794,515784,92.56
3795,515787,33.13
3796,515791,60.66
3797,515792,88.67
3798,515798,41.63
3799,515801,57.88
3800,515803,62.22
3801,515805,30.97
3802,515808,34.98
3803,515813,84.01
3804,515816,63.73
3805,515826,61.79
3806,515831,87.22
3807,515842,47.93
3808,515848,161.12
3809,515850,41.25
3810,515852,74.33
3811,515855,65.41
3812,515863,39.69
3813,515871,77.37
3814,515874,101.98
3815,515876,65.18
3816,515879,30.34
3817,515885,50.25
3818,515886,55.03
3819,515890,38.64
3820,515891,26.57
3821,515892,92.25
3822,515893,43.08
3823,515898,38.53
3824,515902,29.44
3825,515907,57.16
3826,515917,43.7
3827,515920,41.52
3828,515924,42.69
3829,515928,56.17
3830,515939,56.79
3831,515941,29.62
3832,515948,11.54
3833,515949,25.75
3834,515951,46.4
3835,515954,35.56
3836,515957,34.91
3837,515961,107.06
3838,515965,39.83
3839,515967,72.73
3840,515968,51.5
3841,515970,54.03
3842,515980,63.86
3843,515988,39.13
